date,season,country,league,team1,team2,home,draw,away,over,under,yes,no,link
21.02.2021,2021,india,isl,Kerala Blasters,Chennaiyin,3.03,2.95,2.44,1.94,1.86,1.68,2.09,https://www.oddsportal.com/soccer/india/isl/kerala-blasters-chennaiyin-fc-Q3wMcQGD
21.02.2021,2021,spain,segunda-division-b-group-3,Barcelona B,L Hospitalet,1.86,3.41,4.04,2.07,1.75,1.89,1.84,https://www.oddsportal.com/soccer/spain/segunda-division-b-group-3/barcelona-l-hospitalet-pIcNHbkf
21.02.2021,2021,panama,lpf,Alianza,Miguelito,2.56,3.25,2.56,2.05,1.74,1.77,1.96,https://www.oddsportal.com/soccer/panama/lpf/alianza-sporting-san-miguelito-fgdcLSAm
21.02.2021,2021,france,ligue-1,Strasbourg,Angers,2.35,3.11,3.47,2.43,1.59,2.03,1.78,https://www.oddsportal.com/soccer/france/ligue-1/strasbourg-angers-zNCu1nmf
21.02.2021,2021,kosovo,superliga,FC Ballkani,Feronikeli,1.48,4.0,5.84,1.65,2.11,1.78,1.92,https://www.oddsportal.com/soccer/kosovo/superliga/fc-ballkani-feronikeli-0lI5UpAa
21.02.2021,2021,spain,segunda-division-b-group-3,Alcoyano,La Nucia,2.07,2.9,3.99,2.59,1.50,2.18,1.63,https://www.oddsportal.com/soccer/spain/segunda-division-b-group-3/alcoyano-la-nucia-MVnboqSs
21.02.2021,2021,belgium,jupiler-league,Antwerp,St. Truiden,2.1,3.61,3.33,1.81,2.05,1.67,2.16,https://www.oddsportal.com/soccer/belgium/jupiler-league/antwerp-st-truiden-rsgkAWVE
21.02.2021,2021,portugal,primeira-liga,SC Farense,Benfica,8.23,5.18,1.36,1.60,2.43,1.86,1.92,https://www.oddsportal.com/soccer/portugal/primeira-liga/sc-farense-benfica-O4pREbwr
21.02.2021,2021,portugal,campeonato-de-portugal,Esperanca de Lagos,Moncarapachense,1.93,3.26,3.72,2.23,1.59,1.99,1.73,https://www.oddsportal.com/soccer/portugal/campeonato-de-portugal/esperanca-de-lagos-moncarapachense-A3Jse08m
21.02.2021,2021,portugal,campeonato-de-portugal,Pinhalnovense,Vitoria Setubal,4.5,3.37,1.74,2.12,1.66,1.93,1.8,https://www.oddsportal.com/soccer/portugal/campeonato-de-portugal/pinhalnovense-vitoria-setubal-hS8nfKNg
21.02.2021,2021,spain,laliga,Barcelona,Cadiz CF,1.15,8.75,18.8,1.39,2.98,2.16,1.69,https://www.oddsportal.com/soccer/spain/laliga/barcelona-cadiz-vVutKwUL
21.02.2021,2021,israel,state-cup,Hapoel Kfar Shalem,Agudat Sport Ashdod,2.22,3.38,2.98,1.95,1.85,1.75,2.0,https://www.oddsportal.com/soccer/israel/state-cup/hapoel-kfar-shalem-agudat-sport-ashdod-bNWOwbV9
21.02.2021,2021,spain,tercera-division-group-6,Acero,Recambios Colon,2.4,2.88,3.09,2.67,1.45,2.05,1.69,https://www.oddsportal.com/soccer/spain/tercera-division-group-6/acero-recambios-colon-KCRHSJ6t
21.02.2021,2021,spain,tercera-division-group-3,Guarnizo,Torrelavega,5.74,3.88,1.51,1.93,1.84,1.92,1.79,https://www.oddsportal.com/soccer/spain/tercera-division-group-3/guarnizo-torrelavega-6XuTTLrI
21.02.2021,2021,italy,primavera-1,Atalanta U19,Lazio U19,1.36,4.86,6.76,1.46,2.49,1.69,2.09,https://www.oddsportal.com/soccer/italy/primavera-1/atalanta-lazio-dSFqHq84
21.02.2021,2021,italy,serie-d-group-i,S. Agata,Biancavilla,2.38,3.2,2.7,2.30,1.57,1.91,1.8,https://www.oddsportal.com/soccer/italy/serie-d-group-i/s-agata-biancavilla-rH7IzuRA
21.02.2021,2021,france,coupe-de-france,Le Puy,Chamalieres,1.87,3.24,4.72,2.44,1.58,2.18,1.66,https://www.oddsportal.com/soccer/france/coupe-de-france/le-puy-chamalieres-tfln6GM3
21.02.2021,2021,spain,laliga,Huesca,Granada CF,2.25,3.12,3.68,2.62,1.52,2.17,1.68,https://www.oddsportal.com/soccer/spain/laliga/huesca-granada-cf-bFMCEHiq
21.02.2021,2021,england,premier-league,Aston Villa,Leicester,3.25,3.62,2.23,1.78,2.12,1.64,2.25,https://www.oddsportal.com/soccer/england/premier-league/aston-villa-leicester-hI1xzp2B
21.02.2021,2021,spain,segunda-division-b-group-3,Pena Deportiva,Orihuela,2.11,2.73,4.19,2.99,1.31,2.52,1.48,https://www.oddsportal.com/soccer/spain/segunda-division-b-group-3/pena-deportiva-orihuela-AiJuT1CD
21.02.2021,2021,serbia,super-liga,Mladost,Vojvodina,4.17,3.55,1.78,2.00,1.80,1.9,1.84,https://www.oddsportal.com/soccer/serbia/super-liga/mladost-lucani-vojvodina-db6pScQl
21.02.2021,2021,italy,serie-d-group-h,A.C.D. Nardo,Sorrento,2.29,3.08,3.07,2.40,1.57,1.97,1.73,https://www.oddsportal.com/soccer/italy/serie-d-group-h/a-c-d-nardo-sorrento-zk1uR8s1
21.02.2021,2021,italy,serie-c-group-b,Vis Pesaro,Perugia,4.46,3.43,1.77,2.15,1.70,1.95,1.78,https://www.oddsportal.com/soccer/italy/serie-c-group-b/vis-pesaro-perugia-tnADeEfQ
21.02.2021,2021,spain,tercera-division-group-2,Real Aviles,Vallobin,1.3,4.61,9.0,1.88,1.89,2.16,1.62,https://www.oddsportal.com/soccer/spain/tercera-division-group-2/real-aviles-vallobin-dvO3w8Nr
21.02.2021,2021,hungary,merkantil-bank-liga,Szeged,Debrecen,4.71,3.85,1.62,1.88,1.91,1.86,1.88,https://www.oddsportal.com/soccer/hungary/merkantil-bank-liga/szeged-csanad-ga-debrecen-EoiAMtmK
21.02.2021,2021,italy,serie-c-group-a,Pro Vercelli,Olbia,1.56,3.83,5.59,1.99,1.82,2.0,1.75,https://www.oddsportal.com/soccer/italy/serie-c-group-a/pro-vercelli-olbia-lE8hhJXk
21.02.2021,2021,belgium,jupiler-league,Anderlecht,Kortrijk,1.67,3.85,5.12,1.84,2.02,1.8,1.98,https://www.oddsportal.com/soccer/belgium/jupiler-league/anderlecht-kortrijk-ro77FCk4
21.02.2021,2021,africa,africa-cup-of-nations-u20,Burkina Faso U20,Namibia U20,1.64,3.33,5.61,2.57,1.43,2.55,1.47,https://www.oddsportal.com/soccer/africa/africa-cup-of-nations-u20/burkina-faso-namibia-GbDQnzHD
21.02.2021,2021,mexico,liga-premier-serie-a,Azores de Hidalgo,Zitacuaro,2.66,3.58,2.28,1.66,2.14,1.55,2.3,https://www.oddsportal.com/soccer/mexico/liga-premier-serie-a/azores-de-hidalgo-zitacuaro-tlw3ijVF
21.02.2021,2021,israel,state-cup,H. Beer Sheva,Maccabi Tel Aviv,4.03,3.49,1.82,2.07,1.74,1.9,1.83,https://www.oddsportal.com/soccer/israel/state-cup/h-beer-sheva-maccabi-tel-aviv-tEMVLP9O
21.02.2021,2021,mexico,liga-mx,Queretaro,Puebla,2.22,3.32,3.28,2.16,1.73,1.88,1.88,https://www.oddsportal.com/soccer/mexico/liga-mx/queretaro-puebla-zLaomrPj
21.02.2021,2021,belgium,jupiler-league,Genk,Beerschot VA,1.62,4.21,5.08,1.64,2.31,1.68,2.15,https://www.oddsportal.com/soccer/belgium/jupiler-league/genk-beerschot-va-SzhECEgt
21.02.2021,2021,hungary,otp-bank-liga,Budafoki,Puskas Academy,3.94,3.86,1.78,1.66,2.20,1.62,2.17,https://www.oddsportal.com/soccer/hungary/otp-bank-liga/budafoki-mte-puskas-academy-6w7K1AGt
21.02.2021,2021,spain,tercera-division-group-7,Pozuelo de Alarcon,Santa Ana,1.13,7.65,13.17,1.65,2.08,2.54,1.46,https://www.oddsportal.com/soccer/spain/tercera-division-group-7/pozuelo-de-alarcon-santa-ana-8tKZynYf
21.02.2021,2021,spain,segunda-division-b-group-5,CD Badajoz,CF Talavera,1.73,3.47,4.46,2.12,1.70,1.95,1.78,https://www.oddsportal.com/soccer/spain/segunda-division-b-group-5/cd-badajoz-cf-talavera-vwShuiB6
21.02.2021,2021,england,premier-league,Arsenal,Manchester City,6.9,4.56,1.52,1.79,2.13,1.88,1.92,https://www.oddsportal.com/soccer/england/premier-league/arsenal-manchester-city-vFcYzQn5
21.02.2021,2021,italy,serie-d-group-g,Latte Dolce,Arzachena,2.12,3.1,3.28,2.05,1.70,1.8,1.91,https://www.oddsportal.com/soccer/italy/serie-d-group-g/latte-dolce-arzachena-pddLpHpR
21.02.2021,2021,morocco,botola-pro,Rapide Oued Zem,Difaa El Jadidi,2.58,2.67,3.15,2.74,1.43,2.16,1.64,https://www.oddsportal.com/soccer/morocco/botola-pro/rapide-oued-zem-difaa-el-jadidi-466o97WT
21.02.2021,2021,el-salvador,primera-division,Luis Angel Firpo,Aguila,3.01,3.18,2.27,2.19,1.68,1.85,1.85,https://www.oddsportal.com/soccer/el-salvador/primera-division/luis-angel-firpo-aguila-WGCmtqSk
21.02.2021,2021,spain,tercera-division-group-2,Llanes,Condal,1.91,3.17,4.0,2.23,1.62,1.89,1.81,https://www.oddsportal.com/soccer/spain/tercera-division-group-2/llanes-condal-bqvbWPSq
21.02.2021,2021,serbia,super-liga,Sp. Subotica,FK Crvena zvezda,10.03,5.68,1.23,1.53,2.44,1.97,1.78,https://www.oddsportal.com/soccer/serbia/super-liga/spartak-subotica-crvena-zvezda-OAoqma2E
21.02.2021,2021,scotland,premiership,Rangers,Dundee Utd,1.17,7.07,15.92,1.52,2.53,2.33,1.59,https://www.oddsportal.com/soccer/scotland/premiership/rangers-dundee-utd-QmL0qURG
21.02.2021,2021,spain,tercera-division-group-8,La Virgen,La Baneza,2.02,3.12,3.66,2.25,1.61,1.86,1.84,https://www.oddsportal.com/soccer/spain/tercera-division-group-8/la-virgen-la-baneza-fyTYkw8c
21.02.2021,2021,italy,serie-d-group-e,Lornano Badesse,San Donato,2.17,3.1,3.08,2.10,1.67,1.85,1.85,https://www.oddsportal.com/soccer/italy/serie-d-group-e/lornano-badesse-san-donato-tavarnelle-Yod8FO3M
21.02.2021,2021,spain,segunda-division-b-group-4,Sanluqueno,CD Marino,1.65,3.51,5.23,2.18,1.67,2.06,1.7,https://www.oddsportal.com/soccer/spain/segunda-division-b-group-4/sanluqueno-cd-marino-j7nSi074
21.02.2021,2021,spain,tercera-division-group-8,Salamanca B,Becerril,1.59,3.63,5.28,2.14,1.67,2.03,1.7,https://www.oddsportal.com/soccer/spain/tercera-division-group-8/salamanca-cf-uds-becerril-KbKQ40JI
21.02.2021,2021,serbia,super-liga,Partizan,Radnik,1.21,6.06,10.31,1.39,2.76,1.86,1.88,https://www.oddsportal.com/soccer/serbia/super-liga/partizan-radnik-surdulica-SSmMXJ2R
21.02.2021,2021,africa,caf-confederations-cup,JS Kabylie (Alg),Stade Malien (Mli),1.31,4.71,9.43,2.04,1.78,2.51,1.5,https://www.oddsportal.com/soccer/africa/caf-confederations-cup/kabylie-stade-malien-YZ93qvgQ
21.02.2021,2021,costa-rica,liga-de-ascenso,Municipal San Ramon,Carmelita,2.16,3.15,3.32,2.34,1.58,1.97,1.75,https://www.oddsportal.com/soccer/costa-rica/liga-de-ascenso/municipal-san-ramon-carmelita-pdQOjO2e
21.02.2021,2021,spain,tercera-division-group-9,Juventud Torremolinos,El Palo,1.99,3.29,3.52,2.08,1.73,1.77,1.94,https://www.oddsportal.com/soccer/spain/tercera-division-group-9/juventud-torremolinos-el-palo-d60pSFQC
21.02.2021,2021,italy,serie-d-group-g,Torres,Carbonia,3.56,3.2,1.97,2.10,1.67,1.91,1.8,https://www.oddsportal.com/soccer/italy/serie-d-group-g/sassari-torres-carbonia-4twhue8l
21.02.2021,2021,italy,serie-d-group-i,ACR Messina,Cittanovese,1.41,4.5,5.9,1.70,2.05,1.91,1.8,https://www.oddsportal.com/soccer/italy/serie-d-group-i/messina-cittanovese-ClmgHjQk
21.02.2021,2021,spain,segunda-division-b-group-5,Extremadura UD,Villanovense,1.95,3.0,4.18,2.66,1.46,2.25,1.59,https://www.oddsportal.com/soccer/spain/segunda-division-b-group-5/extremadura-ud-villanovense-dEMcvBQC
21.02.2021,2021,hungary,otp-bank-liga,Paks,Kisvarda,2.19,3.59,2.98,1.74,2.09,1.61,2.19,https://www.oddsportal.com/soccer/hungary/otp-bank-liga/paks-kisvarda-fc-zJbybSF5
21.02.2021,2021,ghana,premier-league,Berekum Chelsea,Dreams,1.97,3.18,3.72,2.30,1.58,2.01,1.74,https://www.oddsportal.com/soccer/ghana/premier-league/berekum-chelsea-dreams-fc-4CiTVfzb
21.02.2021,2021,spain,tercera-division-group-11,Mallorca B,Santanyi,1.42,4.14,6.66,1.94,1.83,2.02,1.71,https://www.oddsportal.com/soccer/spain/tercera-division-group-11/mallorca-santanyi-fslOz4zj
21.02.2021,2021,spain,tercera-division-group-6,Saguntino,Benicarlo,1.55,3.71,5.58,2.10,1.71,2.01,1.72,https://www.oddsportal.com/soccer/spain/tercera-division-group-6/atletico-saguntino-benicarlo-8YJUPHja
21.02.2021,2021,france,coupe-de-france,Schiltigheim,Sedan,5.11,3.66,1.71,2.09,1.76,2.0,1.78,https://www.oddsportal.com/soccer/france/coupe-de-france/schiltigheim-sedan-UJMZdCqj
21.02.2021,2021,africa,caf-confederations-cup,Monastir (Tun),Raja Casablanca (Mar),2.75,3.06,2.6,2.37,1.57,2.01,1.77,https://www.oddsportal.com/soccer/africa/caf-confederations-cup/monastir-raja-casablanca-jXgJo9Id
21.02.2021,2021,england,league-two,Newport,Forest Green,2.6,3.13,2.92,2.27,1.65,1.9,1.86,https://www.oddsportal.com/soccer/england/league-two/newport-forest-green-Y5IawEi2
21.02.2021,2021,denmark,superliga,Brondby,Vejle,1.78,3.61,4.66,1.90,1.94,1.82,1.96,https://www.oddsportal.com/soccer/denmark/superliga/brondby-vejle-zNxgxKqO
21.02.2021,2021,netherlands,eredivisie,Twente,Feyenoord,3.01,3.8,2.21,1.63,2.38,1.53,2.46,https://www.oddsportal.com/soccer/netherlands/eredivisie/twente-feyenoord-2yqhRLGj
21.02.2021,2021,denmark,1st-division,Vendsyssel,Viborg,5.19,3.73,1.68,2.01,1.84,1.92,1.85,https://www.oddsportal.com/soccer/denmark/1st-division/vendsyssel-ff-viborg-C20P1Hns
21.02.2021,2021,nigeria,npfl,MFM FC,Adamawa Utd,1.4,3.86,8.37,2.43,1.53,3.18,1.32,https://www.oddsportal.com/soccer/nigeria/npfl/mfm-fc-adamawa-utd-rLuQNqUC
21.02.2021,2021,italy,serie-c-group-c,Viterbese,Vibonese,2.51,2.84,3.04,2.58,1.50,2.08,1.7,https://www.oddsportal.com/soccer/italy/serie-c-group-c/viterbese-vibonese-ppjHANgf
21.02.2021,2021,hungary,merkantil-bank-liga,Debreceni EAC,Szolnoki MAV,3.58,3.43,1.94,1.91,1.88,1.74,2.02,https://www.oddsportal.com/soccer/hungary/merkantil-bank-liga/debreceni-eac-szolnoki-mav-nuaObweD
21.02.2021,2021,hungary,merkantil-bank-liga,Vasas,Budaorsi SC,1.67,3.76,4.4,1.92,1.87,1.86,1.87,https://www.oddsportal.com/soccer/hungary/merkantil-bank-liga/vasas-budaorsi-sc-dAtFL02Q
21.02.2021,2021,germany,3-liga,Bayern II,Viktoria Koln,2.15,3.44,3.21,1.61,2.27,1.51,2.43,https://www.oddsportal.com/soccer/germany/3-liga/bayern-fc-viktoria-koln-8YPO7OYS
21.02.2021,2021,italy,serie-c-group-b,Virtus Verona,Triestina,2.86,2.85,2.66,2.40,1.56,1.95,1.79,https://www.oddsportal.com/soccer/italy/serie-c-group-b/virtus-verona-triestina-CU0qjhIm
21.02.2021,2021,portugal,campeonato-de-portugal,Alverca,Sintrense,1.36,4.42,7.49,1.81,1.91,2.05,1.72,https://www.oddsportal.com/soccer/portugal/campeonato-de-portugal/alverca-sintrense-6ejhHhES
21.02.2021,2021,spain,segunda-division-b-group-4,Recreativo Huelva,Marbella,2.52,2.85,3.01,2.52,1.52,2.03,1.72,https://www.oddsportal.com/soccer/spain/segunda-division-b-group-4/recreativo-huelva-marbella-CGmOhthb
21.02.2021,2021,netherlands,eredivisie,Ajax,Sparta Rotterdam,1.18,8.03,13.11,1.27,3.70,1.75,2.04,https://www.oddsportal.com/soccer/netherlands/eredivisie/ajax-sparta-rotterdam-IqRvkP8c
21.02.2021,2021,hungary,merkantil-bank-liga,Soroksar,Bekescsaba 1912,2.07,3.41,3.21,1.94,1.85,1.75,2.0,https://www.oddsportal.com/soccer/hungary/merkantil-bank-liga/soroksar-bekescsaba-1912-nemnEIf0
21.02.2021,2021,nigeria,npfl,Ifeanyi Ubah,Katsina Utd,1.58,3.34,6.15,2.64,1.42,2.6,1.44,https://www.oddsportal.com/soccer/nigeria/npfl/fc-ifeanyi-ubah-katsina-utd-lbtMOPE6
21.02.2021,2021,nigeria,npfl,Abia Warriors,Warri Wolves,1.48,3.55,7.43,2.64,1.42,3.01,1.34,https://www.oddsportal.com/soccer/nigeria/npfl/abia-warriors-warri-wolves-Wxzuuoam
21.02.2021,2021,mexico,liga-de-expansion-mx,Dorados de Sinaloa,Venados,2.36,3.07,3.04,2.26,1.62,1.95,1.8,https://www.oddsportal.com/soccer/mexico/liga-de-expansion-mx/dorados-de-sinaloa-venados-AsW3Q35k
21.02.2021,2021,italy,serie-d-group-h,Portici 1906,Francavilla,2.32,3.1,2.79,1.80,1.91,1.67,2.1,https://www.oddsportal.com/soccer/italy/serie-d-group-h/portici-1906-francavilla-UB0qQSd7
21.02.2021,2021,australia,w-league,Sydney W,Adelaide W,1.38,4.9,6.42,1.41,2.71,1.6,2.2,https://www.oddsportal.com/soccer/australia/w-league/sydney-adelaide-4SZ7QqLr
21.02.2021,2021,italy,serie-a,Parma,Udinese,3.78,3.27,2.16,2.29,1.66,1.98,1.82,https://www.oddsportal.com/soccer/italy/serie-a/parma-udinese-zc5PEYlC
21.02.2021,2021,luxembourg,national-division,Benfica,Differdange,5.14,4.38,1.5,1.47,2.44,1.56,2.23,https://www.oddsportal.com/soccer/luxembourg/national-division/benfica-differdange-xvgdSXHl
21.02.2021,2021,honduras,liga-nacional,Olimpia,Real de Minas,1.24,5.68,9.35,1.42,2.59,1.86,1.88,https://www.oddsportal.com/soccer/honduras/liga-nacional/olimpia-real-de-minas-S0Nrst2Q
21.02.2021,2021,italy,serie-d-group-c,Cjarlins Muzane,Feltre,2.12,3.4,3.12,1.89,1.91,1.8,1.91,https://www.oddsportal.com/soccer/italy/serie-d-group-c/cjarlins-muzane-union-feltre-KS5yxmD0
21.02.2021,2021,hungary,merkantil-bank-liga,Kaposvar,Szentlorinc,2.13,3.27,3.11,1.98,1.78,1.74,2.01,https://www.oddsportal.com/soccer/hungary/merkantil-bank-liga/kaposvar-szentlorinc-se-ShXpGvQm
21.02.2021,2021,spain,tercera-division-group-7,Complutense,AD Torrejon,2.96,3.07,2.34,2.26,1.61,1.83,1.87,https://www.oddsportal.com/soccer/spain/tercera-division-group-7/ad-alcala-ad-torrejon-nRVQw83r
21.02.2021,2021,spain,tercera-division-group-14,Aceuchal,Moralo,4.08,3.16,1.89,2.43,1.53,2.07,1.68,https://www.oddsportal.com/soccer/spain/tercera-division-group-14/aceuchal-moralo-nw43QaN4
21.02.2021,2021,austria,tipico-bundesliga,Sturm Graz,Wolfsberger AC,2.13,3.42,3.46,1.84,2.04,1.67,2.16,https://www.oddsportal.com/soccer/austria/tipico-bundesliga/sturm-graz-wolfsberger-ac-8naZJcAb
21.02.2021,2021,italy,serie-d-group-a,Caronnese,Bra,2.32,3.3,2.84,1.95,1.85,1.62,2.2,https://www.oddsportal.com/soccer/italy/serie-d-group-a/caronnese-bra-j19UR0p9
21.02.2021,2021,russia,russian-cup,Krasnodar,Sochi,2.03,3.69,3.71,1.94,1.94,1.77,2.04,https://www.oddsportal.com/soccer/russia/russian-cup/krasnodar-pfc-sochi-MXcWHnH8
21.02.2021,2021,spain,tercera-division-group-14,Chinato,CD Coria,4.38,3.69,1.69,1.88,1.90,1.78,1.93,https://www.oddsportal.com/soccer/spain/tercera-division-group-14/chinato-cd-coria-jBAfSLhh
21.02.2021,2021,spain,segunda-division-b-group-3,Cornella,Lleida,2.22,2.87,3.56,2.49,1.53,2.04,1.72,https://www.oddsportal.com/soccer/spain/segunda-division-b-group-3/cornella-lleida-vucRGI40
21.02.2021,2021,italy,serie-d-group-g,Cassino,Insieme Formia,2.49,3.25,2.66,2.01,1.80,1.8,1.91,https://www.oddsportal.com/soccer/italy/serie-d-group-g/cassino-insieme-formia-IqHMPF81
21.02.2021,2021,spain,tercera-division-group-16,Berceo,Vianes,4.09,3.78,1.74,1.83,1.94,1.69,2.05,https://www.oddsportal.com/soccer/spain/tercera-division-group-16/berceo-vianes-hvLBnVR9
21.02.2021,2021,germany,bundesliga,Hoffenheim,Werder Bremen,2.33,3.5,3.14,1.79,2.09,1.63,2.27,https://www.oddsportal.com/soccer/germany/bundesliga/hoffenheim-werder-bremen-QXMU571F
21.02.2021,2021,spain,tercera-division-group-14,Olivenza,Fuente de Cantos,1.49,4.07,5.65,1.78,2.02,1.86,1.84,https://www.oddsportal.com/soccer/spain/tercera-division-group-14/olivenza-fc-fuente-de-cantos-pOvyaZoK
21.02.2021,2021,croatia,2-hnl,NK Dinamo Zagreb 2,Hajduk Split 2,2.46,3.25,2.69,1.94,1.84,1.68,2.11,https://www.oddsportal.com/soccer/croatia/2-hnl/dinamo-zagreb-hajduk-split-IPdt8NYM
21.02.2021,2021,spain,tercera-division-group-7,Rayo Vallecano B,RSD Alcala,2.34,3.13,2.9,2.27,1.60,1.88,1.82,https://www.oddsportal.com/soccer/spain/tercera-division-group-7/rayo-vallecano-rsd-alcala-fcMoZqID
21.02.2021,2021,spain,segunda-division-b-group-5,Villarrubia,Villarrobledo,1.9,3.37,3.82,2.02,1.78,1.82,1.91,https://www.oddsportal.com/soccer/spain/segunda-division-b-group-5/villarrubia-villarrobledo-0nTltXe0
21.02.2021,2021,italy,serie-c-group-c,Catania,Bari,3.09,3.09,2.31,2.25,1.64,1.92,1.82,https://www.oddsportal.com/soccer/italy/serie-c-group-c/catania-bari-vuyXVXP2
21.02.2021,2021,spain,tercera-division-group-17,Teruel,CF Illueca,1.76,3.52,4.17,2.00,1.79,1.8,1.9,https://www.oddsportal.com/soccer/spain/tercera-division-group-17/teruel-cf-illueca-dYtQATo1
21.02.2021,2021,brazil,campeonato-tocantinense,Palmas,Interporto,2.07,3.33,3.26,1.97,1.81,1.75,1.98,https://www.oddsportal.com/soccer/brazil/campeonato-tocantinense/palmas-interporto-tUn9GlSd
21.02.2021,2021,spain,laliga,Ath Bilbao,Villarreal,2.6,3.1,3.12,2.47,1.59,2.01,1.79,https://www.oddsportal.com/soccer/spain/laliga/ath-bilbao-villarreal-W4xYLaa9
21.02.2021,2021,australia,w-league,Brisbane Roar W,Perth W,1.14,7.84,14.94,1.29,3.20,2.15,1.65,https://www.oddsportal.com/soccer/australia/w-league/brisbane-roar-perth-nkCEkcgI
21.02.2021,2021,spain,segunda-division-b-group-1,Langreo,Marino de Luanco,2.19,3.05,3.39,2.35,1.59,1.98,1.76,https://www.oddsportal.com/soccer/spain/segunda-division-b-group-1/langreo-marino-de-luanco-SAS0tgzH
21.02.2021,2021,north-macedonia,1-mfl,Vardar,Pelister,3.04,2.96,2.38,2.63,1.41,2.15,1.62,https://www.oddsportal.com/soccer/north-macedonia/1-mfl/vardar-pelister-W8nxOJ5r
21.02.2021,2021,italy,serie-d-group-d,Corticella,G.S. Bagnolese,4.43,3.62,1.72,1.91,1.89,1.8,1.9,https://www.oddsportal.com/soccer/italy/serie-d-group-d/corticella-g-s-bagnolese-EgZCVWac
21.02.2021,2021,argentina,copa-de-la-liga-profesional,Argentinos Jrs,Platense,2.22,3.3,3.36,2.29,1.68,1.9,1.88,https://www.oddsportal.com/soccer/argentina/copa-de-la-liga-profesional/argentinos-jrs-platense-2P6Aj5U9
21.02.2021,2021,spain,segunda-division-b-group-1,Pontevedra,Compostela,1.96,3.05,4.18,2.42,1.56,2.07,1.7,https://www.oddsportal.com/soccer/spain/segunda-division-b-group-1/pontevedra-compostela-tIOEtmC9
21.02.2021,2021,spain,segunda-division-b-group-1,Celta Vigo B,Salamanca,1.91,3.24,4.06,2.51,1.52,2.15,1.64,https://www.oddsportal.com/soccer/spain/segunda-division-b-group-1/celta-vigo-salamanca-cf-uds-MHovmqjt
21.02.2021,2021,argentina,copa-de-la-liga-profesional,River Plate,Rosario Central,1.33,5.43,8.63,1.53,2.48,1.86,1.92,https://www.oddsportal.com/soccer/argentina/copa-de-la-liga-profesional/river-plate-rosario-central-OY76ioF3
21.02.2021,2021,switzerland,super-league,Young Boys,Servette,1.54,4.49,5.54,1.51,2.56,1.61,2.27,https://www.oddsportal.com/soccer/switzerland/super-league/young-boys-servette-b5F8cyhM
21.02.2021,2021,thailand,thai-league-2,Chiangmai FC,Ranong,1.47,4.09,5.98,1.81,1.98,1.87,1.86,https://www.oddsportal.com/soccer/thailand/thai-league-2/chiangmai-fc-ranong-tC3o8ADf
21.02.2021,2021,costa-rica,primera-division,Zeledon,San Carlos,2.42,3.32,2.79,1.89,1.90,1.69,2.09,https://www.oddsportal.com/soccer/costa-rica/primera-division/zeledon-san-carlos-fsS7d082
21.02.2021,2021,portugal,campeonato-de-portugal,Cerveira,Vilaverdense,3.15,3.14,2.19,2.24,1.58,1.94,1.8,https://www.oddsportal.com/soccer/portugal/campeonato-de-portugal/cerveira-vilaverdense-fc-2icKcHDn
21.02.2021,2021,bulgaria,parva-liga,Etar,Levski Sofia,4.25,3.31,1.84,2.33,1.58,2.08,1.69,https://www.oddsportal.com/soccer/bulgaria/parva-liga/etar-levski-sofia-vP6mYAKH
21.02.2021,2021,saudi-arabia,division-1,Hajer,Al Taee,2.24,2.97,3.32,2.27,1.60,1.91,1.83,https://www.oddsportal.com/soccer/saudi-arabia/division-1/hajer-al-taee-Es1XfGr0
21.02.2021,2021,colombia,primera-a,La Equidad,Once Caldas,2.31,2.83,3.49,2.54,1.52,2.07,1.7,https://www.oddsportal.com/soccer/colombia/primera-a/la-equidad-once-caldas-WIDhsvRE
21.02.2021,2021,australia,a-league,Wellington Phoenix,WS Wanderers,2.83,3.59,2.42,1.70,2.21,1.56,2.41,https://www.oddsportal.com/soccer/australia/a-league/wellington-phoenix-western-sydney-wanderers-Sjl0gkA9
21.02.2021,2021,spain,tercera-division-group-2,Club Siero,Basico Urraca,3.37,2.89,2.23,2.75,1.43,1.82,1.88,https://www.oddsportal.com/soccer/spain/tercera-division-group-2/club-siero-basico-urraca-dzhWz6KS
21.02.2021,2021,italy,serie-c-group-a,Juventus U23,Lucchese,1.75,3.42,4.59,2.20,1.66,2.01,1.74,https://www.oddsportal.com/soccer/italy/serie-c-group-a/juventus-lucchese-IVHMcuAS
21.02.2021,2021,portugal,liga-bpi-women,Ouriense W,CF Benfica W,1.85,3.67,3.59,1.67,2.17,1.57,2.2,https://www.oddsportal.com/soccer/portugal/liga-bpi-women/ouriense-c-f-benfica-xSjpq5eH
21.02.2021,2021,spain,tercera-division-group-13,Aguilas FC,EG El Palmar CF,1.14,6.54,15.75,1.63,2.21,2.57,1.45,https://www.oddsportal.com/soccer/spain/tercera-division-group-13/aguilas-fc-e-g-el-palmar-Wtxi62Hm
21.02.2021,2021,malta,premier-league,Mosta,Sirens,2.26,3.46,2.8,1.78,2.00,1.65,2.09,https://www.oddsportal.com/soccer/malta/premier-league/mosta-fc-sirens-6XsXScDg
21.02.2021,2021,zambia,super-league,Lusaka Dynamos,Buildcon,2.38,2.75,3.11,2.69,1.40,2.13,1.65,https://www.oddsportal.com/soccer/zambia/super-league/lusaka-dynamos-buildcon-jLTn26m5
21.02.2021,2021,italy,serie-c-group-b,Fermana,Imolese,2.45,2.99,2.97,2.55,1.51,2.07,1.69,https://www.oddsportal.com/soccer/italy/serie-c-group-b/fermana-imolese-hQXMYjmD
21.02.2021,2021,portugal,primeira-liga,Rio Ave,Famalicao,2.08,3.27,3.84,2.35,1.64,2.02,1.77,https://www.oddsportal.com/soccer/portugal/primeira-liga/rio-ave-famalicao-hMgeKKFK
21.02.2021,2021,netherlands,eredivisie,Moto Club,Imperatriz,1.53,3.87,5.23,1.72,2.21,1.72,2.09,https://www.oddsportal.com/soccer/netherlands/eredivisie/psv-vitesse-65cMWsgT
21.02.2021,2021,netherlands,eredivisie,Waalwijk,Heracles,3.35,3.56,2.13,1.89,1.98,1.71,2.1,https://www.oddsportal.com/soccer/netherlands/eredivisie/waalwijk-heracles-h2gIXNwN
21.02.2021,2021,africa,caf-confederations-cup,NAPSA Stars (Zam),Gor Mahia (Ken),1.47,3.82,7.0,2.34,1.60,2.47,1.48,https://www.oddsportal.com/soccer/africa/caf-confederations-cup/napsa-stars-mahia-bccRqmm9
21.02.2021,2021,italy,serie-d-group-i,San Luca,FC Messina,2.5,3.0,2.63,2.30,1.57,1.91,1.8,https://www.oddsportal.com/soccer/italy/serie-d-group-i/san-luca-fc-messina-0ATmwYn9
21.02.2021,2021,italy,serie-d-group-c,Adriese,Luparense,2.65,3.32,2.46,1.95,1.85,1.73,2.0,https://www.oddsportal.com/soccer/italy/serie-d-group-c/adriese-luparense-fc-K4NloijE
21.02.2021,2021,italy,serie-a,Benevento,AS Roma,6.3,4.67,1.52,1.52,2.53,1.63,2.26,https://www.oddsportal.com/soccer/italy/serie-a/benevento-as-roma-MZb9IGkm
21.02.2021,2021,spain,tercera-division-group-8,Real Burgos CF,Real Avila,5.08,3.65,1.61,2.01,1.78,1.89,1.81,https://www.oddsportal.com/soccer/spain/tercera-division-group-8/real-burgos-cf-real-avila-l8Nu9nkG
21.02.2021,2021,italy,serie-b,Reggina,Pordenone,2.52,2.98,3.16,2.43,1.60,2.0,1.79,https://www.oddsportal.com/soccer/italy/serie-b/reggina-1914-pordenone-dAOkaMSD
21.02.2021,2021,thailand,thai-league-2,Nakhon Pathom,Khonkaen FC,1.43,4.37,6.23,1.69,2.05,1.8,1.94,https://www.oddsportal.com/soccer/thailand/thai-league-2/nakhon-pathom-khonkaen-fc-lbnwhhOk
21.02.2021,2021,russia,russian-cup,CSKA Moscow,SKA Khabarovsk,1.26,6.12,13.0,1.73,2.20,2.36,1.58,https://www.oddsportal.com/soccer/russia/russian-cup/cska-moscow-ska-khabarovsk-v9YoAzb2
21.02.2021,2021,spain,segunda-division-b-group-4,Cordoba,Linares,1.94,3.0,4.38,2.69,1.46,2.3,1.57,https://www.oddsportal.com/soccer/spain/segunda-division-b-group-4/cordoba-linares-lYAzkD9D
21.02.2021,2021,greece,super-league,Volos,Smyrnis,2.4,3.01,3.18,2.31,1.63,1.94,1.82,https://www.oddsportal.com/soccer/greece/super-league/volos-smyrnis-b15hvP4n
21.02.2021,2021,brazil,copa-verde,Brasiliense,Remo,2.72,3.34,2.38,2.24,1.65,1.9,1.8,https://www.oddsportal.com/soccer/brazil/copa-verde/brasiliense-remo-0jyTeOKi
21.02.2021,2021,greece,super-league-2,Ionikos,Levadiakos,2.53,2.75,3.04,2.71,1.44,2.16,1.65,https://www.oddsportal.com/soccer/greece/super-league-2/ionikos-levadiakos-fDKIUq44
21.02.2021,2021,austria,tipico-bundesliga,Admira,LASK,9.34,5.47,1.31,1.61,2.31,2.0,1.79,https://www.oddsportal.com/soccer/austria/tipico-bundesliga/admira-lask-linz-4EhrIyuB
21.02.2021,2021,germany,regionalliga-sudwest,Kassel,Stadtallendorf,1.69,4.03,4.29,1.59,2.25,1.61,2.19,https://www.oddsportal.com/soccer/germany/regionalliga-sudwest/kassel-stadtallendorf-zkLwV0k3
21.02.2021,2021,spain,tercera-division-group-7,Union Adarve,Flat Earth,2.09,3.07,3.48,2.28,1.58,1.89,1.82,https://www.oddsportal.com/soccer/spain/tercera-division-group-7/union-adarve-flat-earth-fc-CYjWtdyK
21.02.2021,2021,malta,division-1,Zebbug,Naxxar Lions,2.2,3.48,2.9,1.75,2.05,1.58,2.22,https://www.oddsportal.com/soccer/malta/division-1/zebbug-naxxar-lions-plxtue3i
21.02.2021,2021,brazil,serie-a,Fortaleza,Bahia,2.23,3.15,3.56,2.39,1.62,2.0,1.78,https://www.oddsportal.com/soccer/brazil/serie-a/fortaleza-bahia-tbGGnBpM
21.02.2021,2021,ukraine,premier-league,Shakhtar Donetsk,Rukh Lviv,1.15,7.35,17.77,1.51,2.53,2.4,1.55,https://www.oddsportal.com/soccer/ukraine/premier-league/shakhtar-rukh-lviv-2D4vJro9
21.02.2021,2021,switzerland,super-league,Lugano,Luzern,3.11,3.23,2.38,2.21,1.72,1.87,1.9,https://www.oddsportal.com/soccer/switzerland/super-league/lugano-luzern-KEG4bHxG
21.02.2021,2021,serbia,super-liga,Proleter,Metalac,1.68,3.4,5.07,2.37,1.57,2.19,1.63,https://www.oddsportal.com/soccer/serbia/super-liga/proleter-novi-sad-metalac-pKnulum8
21.02.2021,2021,bulgaria,parva-liga,Beroe,Slavia Sofia,1.43,4.3,6.61,1.79,2.01,1.95,1.79,https://www.oddsportal.com/soccer/bulgaria/parva-liga/beroe-slavia-sofia-j3z6jhzn
21.02.2021,2021,italy,serie-c-group-b,Legnago Salus,Gubbio,2.35,3.12,3.0,2.23,1.65,1.88,1.85,https://www.oddsportal.com/soccer/italy/serie-c-group-b/legnago-salus-gubbio-EZYIZWX6
21.02.2021,2021,denmark,superliga,Horsens,Odense,3.66,3.38,2.08,2.20,1.72,1.92,1.85,https://www.oddsportal.com/soccer/denmark/superliga/horsens-odense-hv77espn
21.02.2021,2021,italy,serie-c-group-c,Foggia,Ternana,3.85,3.54,1.86,1.92,1.88,1.78,1.96,https://www.oddsportal.com/soccer/italy/serie-c-group-c/foggia-ternana-d0gxz3Hb
21.02.2021,2021,spain,segunda-division-b-group-3,Espanyol B,Llagostera,2.25,2.84,3.55,2.47,1.54,2.07,1.7,https://www.oddsportal.com/soccer/spain/segunda-division-b-group-3/espanyol-llagostera-IVeVFxK6
21.02.2021,2021,spain,tercera-division-group-13,Lorca FC,Deportiva Minera,6.19,4.13,1.45,1.83,1.95,1.86,1.84,https://www.oddsportal.com/soccer/spain/tercera-division-group-13/lorca-fc-deportiva-minera-ENAMGPgD
21.02.2021,2021,hungary,merkantil-bank-liga,Dorogi,Kazincbarcikai,2.05,3.37,3.3,1.93,1.85,1.75,2.01,https://www.oddsportal.com/soccer/hungary/merkantil-bank-liga/dorogi-fc-kazincbarcikai-QonjDxA6
21.02.2021,2021,denmark,superliga,Randers FC,Nordsjaelland,1.91,3.67,3.91,1.80,2.08,1.69,2.13,https://www.oddsportal.com/soccer/denmark/superliga/randers-fc-nordsjaelland-Em83dNUu
21.02.2021,2021,thailand,thai-league-1,Samut Prakan City,Prachuap,1.77,3.91,3.86,1.52,2.52,1.53,2.37,https://www.oddsportal.com/soccer/thailand/thai-league-1/samut-prakan-city-prachuap-lEfikTgD
21.02.2021,2021,germany,bundesliga,Hertha Berlin,RB Leipzig,5.62,4.16,1.65,1.84,2.05,1.82,1.97,https://www.oddsportal.com/soccer/germany/bundesliga/hertha-berlin-rb-leipzig-zPc5nJ0f
21.02.2021,2021,ecuador,liga-pro,Tecnico U.,Delfin,2.15,3.29,3.31,2.11,1.71,1.86,1.88,https://www.oddsportal.com/soccer/ecuador/liga-pro/tecnico-u-delfin-b3EtWmOm
21.02.2021,2021,cyprus,first-division,Apollon,Paralimni,1.26,5.6,10.19,1.58,2.28,2.05,1.72,https://www.oddsportal.com/soccer/cyprus/first-division/apollon-limassol-paralimni-0bcBaWdb
21.02.2021,2021,spain,segunda-division-b-group-1,Guijuelo,Coruxo FC,2.19,2.93,3.56,2.57,1.50,2.11,1.67,https://www.oddsportal.com/soccer/spain/segunda-division-b-group-1/guijuelo-coruxo-fc-EVMMvRtM
21.02.2021,2021,spain,segunda-division-b-group-1,Valladolid Promesas,Numancia,2.68,2.98,2.7,2.38,1.57,1.97,1.77,https://www.oddsportal.com/soccer/spain/segunda-division-b-group-1/valladolid-promesas-numancia-OxM9vX4T
21.02.2021,2021,greece,super-league-2,Apollon Larissa,PAE Chania,2.83,3.03,2.48,2.53,1.51,2.04,1.72,https://www.oddsportal.com/soccer/greece/super-league-2/apollon-larissa-pae-chania-zNSQSNYG
21.02.2021,2021,portugal,campeonato-de-portugal,Loures,Uniao Almeirim,1.77,3.39,4.25,2.12,1.66,1.94,1.8,https://www.oddsportal.com/soccer/portugal/campeonato-de-portugal/gs-loures-uniao-almeirim-CYjlIYbM
21.02.2021,2021,serbia,super-liga,Napredak,FK Indjija,1.77,3.36,4.52,2.27,1.61,2.11,1.67,https://www.oddsportal.com/soccer/serbia/super-liga/napredak-indjija-UyzlTwBr
21.02.2021,2021,spain,laliga2,Lugo,Logrones,2.23,3.0,3.76,2.92,1.41,2.35,1.57,https://www.oddsportal.com/soccer/spain/laliga2/lugo-logrones-SWTXVHqg
21.02.2021,2021,el-salvador,primera-division,11 Deportivo,FAS,2.52,3.09,2.7,2.22,1.64,1.89,1.85,https://www.oddsportal.com/soccer/el-salvador/primera-division/11-deportivo-fas-rgT7OJ0m
21.02.2021,2021,sweden,svenska-cupen,Gauthiod,Helsingborg,16.6,8.14,1.15,1.35,3.13,2.01,1.77,https://www.oddsportal.com/soccer/sweden/svenska-cupen/gauthiod-helsingborg-hOtQivp4
21.02.2021,2021,italy,serie-d-group-i,Dattilo,Castrovillari,2.17,3.2,2.98,2.00,1.73,1.8,1.91,https://www.oddsportal.com/soccer/italy/serie-d-group-i/dattilo-castrovillari-M76MZbtH
21.02.2021,2021,spain,laliga,Estradense,Ribadumia,1.83,3.56,3.86,2.22,1.70,2.17,1.69,https://www.oddsportal.com/soccer/spain/laliga/real-sociedad-alaves-WSKKCeMe
21.02.2021,2021,spain,tercera-division-group-17,Utebo FC,Barbastro,2.05,3.24,3.4,2.14,1.68,1.8,1.9,https://www.oddsportal.com/soccer/spain/tercera-division-group-17/utebo-fc-ud-barbastro-dEpfzKl0
21.02.2021,2021,italy,serie-c-group-a,Livorno,Renate,3.19,3.11,2.25,2.24,1.64,1.92,1.81,https://www.oddsportal.com/soccer/italy/serie-c-group-a/livorno-renate-rDkqFtu3
21.02.2021,2021,spain,tercera-division-group-6,Hercules B,Novelda CF,1.91,3.16,4.03,2.26,1.61,1.92,1.79,https://www.oddsportal.com/soccer/spain/tercera-division-group-6/hercules-novelda-cf-Yk2YIrjq
21.02.2021,2021,spain,tercera-division-group-1,Silva SD,Agrupacion Estudiantil,1.84,3.4,3.96,2.05,1.74,1.8,1.9,https://www.oddsportal.com/soccer/spain/tercera-division-group-1/silva-sd-agrupacion-estudiantil-bmYXQ8k1
21.02.2021,2021,denmark,superliga,Aarhus,Sonderjyske,1.9,3.57,4.08,1.98,1.88,1.83,1.95,https://www.oddsportal.com/soccer/denmark/superliga/aarhus-sonderjyske-EDycyvaU
21.02.2021,2021,romania,liga-2,FC Rapid Bucuresti,Ripensia Timisoara,1.5,3.99,5.86,1.85,1.93,1.95,1.8,https://www.oddsportal.com/soccer/romania/liga-2/rapid-bucuresti-ripensia-timisoara-CMlT1S1k
21.02.2021,2021,poland,ekstraklasa,Zaglebie,Rakow,3.62,3.5,1.99,1.96,1.88,1.77,1.99,https://www.oddsportal.com/soccer/poland/ekstraklasa/zaglebie-rakow-czestochowa-QoUqtUpf
21.02.2021,2021,australia,a-league,Melbourne Victory,Newcastle Jets,2.72,3.54,2.54,1.76,2.13,1.58,2.35,https://www.oddsportal.com/soccer/australia/a-league/melbourne-victory-newcastle-jets-6BUMUjFI
21.02.2021,2021,saudi-arabia,division-1,Al Adalh,Al Najoom,1.58,3.8,5.12,1.88,1.90,1.86,1.87,https://www.oddsportal.com/soccer/saudi-arabia/division-1/al-adalh-al-najoom-Sp5yfzb6
21.02.2021,2021,italy,serie-d-group-c,Delta Porto Tolle,Trento,3.37,3.4,2.02,1.93,1.87,1.7,2.02,https://www.oddsportal.com/soccer/italy/serie-d-group-c/delta-porto-tolle-trento-bJ4uy7S6
21.02.2021,2021,italy,serie-d-group-e,Ostia Mare,ACN Siena,2.85,3.27,2.33,2.02,1.79,1.8,1.91,https://www.oddsportal.com/soccer/italy/serie-d-group-e/ostia-mare-lidocalcio-acn-siena-xEivA2Rq
21.02.2021,2021,england,premier-league,Manchester Utd,Newcastle,1.34,5.75,9.47,1.52,2.56,1.86,1.93,https://www.oddsportal.com/soccer/england/premier-league/manchester-united-newcastle-utd-Sv2cyfbo
21.02.2021,2021,mexico,liga-mx,Atlas,Club America,2.71,3.07,2.76,2.52,1.54,2.06,1.73,https://www.oddsportal.com/soccer/mexico/liga-mx/atlas-club-america-GzJEh41T
21.02.2021,2021,spain,tercera-division-group-17,Belchite 97,Tamarite,2.02,3.18,3.57,2.16,1.60,1.85,1.85,https://www.oddsportal.com/soccer/spain/tercera-division-group-17/cd-belchite-97-tamarite-OKrICkHl
21.02.2021,2021,sweden,svenska-cupen,Malmo FF,Vasteras SK,1.2,6.94,13.08,1.40,2.87,1.95,1.82,https://www.oddsportal.com/soccer/sweden/svenska-cupen/malmo-ff-vasteras-sk-lIKEbk1J
21.02.2021,2021,spain,tercera-division-group-16,Logrones Promesas,Racing Rioja,3.04,3.17,2.24,2.08,1.72,1.74,1.98,https://www.oddsportal.com/soccer/spain/tercera-division-group-16/logrones-promesas-racing-rioja-A7RxRWIF
21.02.2021,2021,brazil,serie-a,Goias,Bragantino,4.13,3.78,1.85,1.84,2.04,1.74,2.07,https://www.oddsportal.com/soccer/brazil/serie-a/goias-bragantino-j9N3kD03
21.02.2021,2021,spain,tercera-division-group-14,CD Calamonte,Extremadura UD B,2.53,3.1,2.68,2.15,1.66,1.77,1.94,https://www.oddsportal.com/soccer/spain/tercera-division-group-14/cd-calamonte-extremadura-ud-4EEbRu8b
21.02.2021,2021,serbia,prva-liga,Din. Vranje,Graficar Beograd,2.27,3.21,2.94,2.30,1.55,1.98,1.77,https://www.oddsportal.com/soccer/serbia/prva-liga/din-vranje-graficar-beograd-OzsRFRVs
21.02.2021,2021,portugal,campeonato-de-portugal,Berco,AD Fafe,2.38,3.09,2.86,2.18,1.61,1.91,1.83,https://www.oddsportal.com/soccer/portugal/campeonato-de-portugal/berco-ad-fafe-ltgjywKb
21.02.2021,2021,italy,serie-c-group-a,Carrarese,Novara,2.01,3.09,3.88,2.41,1.56,2.06,1.7,https://www.oddsportal.com/soccer/italy/serie-c-group-a/carrarese-novara-fi9lgaIq
21.02.2021,2021,spain,tercera-division-group-11,San Rafael,Alcudia,1.63,3.55,5.01,2.12,1.69,1.95,1.76,https://www.oddsportal.com/soccer/spain/tercera-division-group-11/san-rafael-alcudia-YXnSZNkd
21.02.2021,2021,hungary,merkantil-bank-liga,Ajka,Haladas,2.47,3.3,2.63,1.97,1.82,1.73,2.03,https://www.oddsportal.com/soccer/hungary/merkantil-bank-liga/ajka-haladas-YVXtHKAs
21.02.2021,2021,sweden,svenska-cupen,Landskrona,Ostersunds,3.4,3.68,2.05,1.77,2.09,1.65,2.2,https://www.oddsportal.com/soccer/sweden/svenska-cupen/landskrona-ostersunds-t8135cE3
21.02.2021,2021,italy,serie-c-group-a,Pontedera,Alessandria,3.93,2.82,2.14,2.42,1.56,2.02,1.73,https://www.oddsportal.com/soccer/italy/serie-c-group-a/us-pontedera-alessandria-AaV51NA3
21.02.2021,2021,spain,tercera-division-group-10,CD Gerena,Pozoblanco,2.16,3.07,3.32,2.44,1.53,2.0,1.72,https://www.oddsportal.com/soccer/spain/tercera-division-group-10/cd-gerena-pozoblanco-Auopvjfl
21.02.2021,2021,portugal,campeonato-de-portugal,Vidago,Braga B,12.42,6.13,1.17,1.52,2.34,2.22,1.61,https://www.oddsportal.com/soccer/portugal/campeonato-de-portugal/vidago-braga-jDX5vfDO
21.02.2021,2021,italy,serie-c-group-b,Sudtirol,Padova,3.01,3.05,2.38,2.32,1.60,1.96,1.78,https://www.oddsportal.com/soccer/italy/serie-c-group-b/sudtirol-padova-bNK8dfuK
21.02.2021,2021,italy,serie-b,Lecce,Cosenza,1.75,3.62,4.98,1.82,2.07,1.73,2.08,https://www.oddsportal.com/soccer/italy/serie-b/lecce-cosenza-QPhjvLjl
21.02.2021,2021,costa-rica,primera-division,Guadalupe,Grecia,2.26,3.25,3.08,1.83,1.99,1.65,2.12,https://www.oddsportal.com/soccer/costa-rica/primera-division/guadalupe-grecia-QuqJgbhL
21.02.2021,2021,spain,tercera-division-group-18,Almagro,Huracan de Balazote,3.06,3.15,2.24,2.15,1.67,1.79,1.91,https://www.oddsportal.com/soccer/spain/tercera-division-group-18/almagro-huracan-de-balazote-2cMxDcGK
21.02.2021,2021,hungary,merkantil-bank-liga,Pecsi MFC,Csakvari,1.53,4.05,5.24,1.78,2.02,1.82,1.92,https://www.oddsportal.com/soccer/hungary/merkantil-bank-liga/pecsi-mfc-csakvari-6qWlFbuf
21.02.2021,2021,italy,serie-d-group-c,Chions,Union Clodiense,3.56,3.4,1.85,2.00,1.73,1.85,1.85,https://www.oddsportal.com/soccer/italy/serie-d-group-c/chions-clodiense-jg1XxTcf
21.02.2021,2021,russia,russian-cup,Lokomotiv Moscow,Tambov,1.07,13.75,57.0,1.54,2.65,4.7,1.19,https://www.oddsportal.com/soccer/russia/russian-cup/lokomotiv-moscow-fc-tambov-j72zH6WE
21.02.2021,2021,italy,serie-d-group-g,Savoia,Monterosi FC,2.54,3.19,2.65,2.14,1.71,1.85,1.85,https://www.oddsportal.com/soccer/italy/serie-d-group-g/a-c-savoia-monterosi-fc-b3xdvFNf
21.02.2021,2021,italy,serie-d-group-a,P.D.H.A.E.,Citta di Varese,2.06,3.01,3.58,2.00,1.72,1.77,1.93,https://www.oddsportal.com/soccer/italy/serie-d-group-a/p-d-h-a-e-citta-di-varese-214AId7e
21.02.2021,2021,spain,segunda-division-b-group-5,Rayo Majadahonda,Internacional de Madrid,2.23,2.95,3.35,2.54,1.50,2.12,1.67,https://www.oddsportal.com/soccer/spain/segunda-division-b-group-5/rayo-majadahonda-dux-internacional-de-madrid-KGuLt4Zq
21.02.2021,2021,nigeria,npfl,Lobi Stars,Kano Pillars,1.71,3.2,5.07,2.66,1.41,2.44,1.52,https://www.oddsportal.com/soccer/nigeria/npfl/lobi-kano-pillars-MBvUM3qJ
21.02.2021,2021,italy,serie-d-group-c,Ambrosiana,Belluno,3.28,3.24,2.02,1.91,1.80,1.8,1.91,https://www.oddsportal.com/soccer/italy/serie-d-group-c/ambrosiana-ac-belluno-beMhpB5K
21.02.2021,2021,czech-republic,1-liga,Karvina,Liberec,3.31,3.17,2.24,2.22,1.68,1.89,1.87,https://www.oddsportal.com/soccer/czech-republic/1-liga/mfk-karvina-liberec-fZcsLsOS
21.02.2021,2021,spain,segunda-division-b-group-1,Unionistas,Zamora,2.26,3.02,3.3,2.66,1.47,2.2,1.62,https://www.oddsportal.com/soccer/spain/segunda-division-b-group-1/unionistas-de-salamanca-zamora-067HsTd3
21.02.2021,2021,brazil,campeonato-brasiliense,Unai EC,Bosque Formosa,2.08,3.42,3.17,1.85,1.94,1.67,2.07,https://www.oddsportal.com/soccer/brazil/campeonato-brasiliense/unai-ec-bosque-formosa-GrBXOk56
21.02.2021,2021,egypt,premier-league,Al Ittihad,Aswan SC,1.73,3.07,5.78,2.47,1.53,2.27,1.59,https://www.oddsportal.com/soccer/egypt/premier-league/al-ittihad-alexandria-aswan-xhS7uDUP
21.02.2021,2021,guatemala,liga-nacional,Guastatoya,Sanarate,1.47,4.05,6.05,1.87,1.91,1.96,1.79,https://www.oddsportal.com/soccer/guatemala/liga-nacional/guastatoya-sanarate-xjPAsJ63
21.02.2021,2021,romania,liga-1,Astra,Din. Bucuresti,2.9,3.21,2.44,2.16,1.72,1.84,1.91,https://www.oddsportal.com/soccer/romania/liga-1/fc-astra-din-bucuresti-fR5lCrMT
21.02.2021,2021,luxembourg,national-division,Niedercorn,Hostert,1.5,4.47,4.99,1.37,2.77,1.48,2.44,https://www.oddsportal.com/soccer/luxembourg/national-division/progres-niedercorn-hostert-h6HPXgfR
21.02.2021,2021,spain,segunda-division-b-group-4,Murcia,Yeclano,1.7,3.46,4.9,2.27,1.62,2.1,1.68,https://www.oddsportal.com/soccer/spain/segunda-division-b-group-4/murcia-yeclano-KhJJheAl
21.02.2021,2021,denmark,1st-division,Fredericia,Esbjerg,3.25,3.31,2.23,1.85,2.00,1.65,2.18,https://www.oddsportal.com/soccer/denmark/1st-division/fredericia-esbjerg-fNDc6cvQ
21.02.2021,2021,italy,serie-d-group-a,Casale,Lavagnese,2.22,2.97,3.02,2.10,1.67,1.85,1.85,https://www.oddsportal.com/soccer/italy/serie-d-group-a/casale-lavagnese-YPbZQKaF
21.02.2021,2021,spain,tercera-division-group-17,Cuarte,Epila,1.67,3.6,4.63,1.97,1.81,1.79,1.91,https://www.oddsportal.com/soccer/spain/tercera-division-group-17/cd-cuarte-epila-UX7td1BJ
21.02.2021,2021,burundi,primus-league,Bumamuru,Le Messager Ngozi,4.55,3.59,1.7,2.02,1.79,1.93,1.77,https://www.oddsportal.com/soccer/burundi/primus-league/bumamuru-le-messager-ngozi-jJKIreMm
21.02.2021,2021,belgium,1b-pro-league,Lommel SK,Lierse K.,1.59,4.26,5.08,1.52,2.48,1.59,2.3,https://www.oddsportal.com/soccer/belgium/1b-pro-league/lommel-sk-lierse-k-69BLdZNg
21.02.2021,2021,italy,serie-c-group-b,Modena,Sambenedettese,2.29,2.88,3.4,2.71,1.45,2.2,1.62,https://www.oddsportal.com/soccer/italy/serie-c-group-b/modena-sambenedettese-I71uiY2s
21.02.2021,2021,russia,russian-cup,FK Rostov,Akhmat Grozny,2.68,3.13,2.92,2.59,1.54,2.08,1.73,https://www.oddsportal.com/soccer/russia/russian-cup/fk-rostov-akhmat-grozny-8AHzDxEq
21.02.2021,2021,ukraine,premier-league,Desna,Dyn. Kyiv,5.04,3.82,1.67,1.98,1.85,1.95,1.81,https://www.oddsportal.com/soccer/ukraine/premier-league/desna-dynamo-kyiv-lA0zKOV2
21.02.2021,2021,thailand,thai-league-1,Sukhothai,Nakhon Ratchasima,2.67,3.44,2.42,1.77,2.06,1.59,2.23,https://www.oddsportal.com/soccer/thailand/thai-league-1/sukhothai-nakhon-ratchasima-Sb6rikP0
21.02.2021,2021,brazil,campeonato-amazonense,Iranduba,Sao Raimundo AM,5.14,4.08,1.54,1.57,2.35,1.65,2.16,https://www.oddsportal.com/soccer/brazil/campeonato-amazonense/iranduba-sao-raimundo-am-vNTAjCZ8
21.02.2021,2021,portugal,campeonato-de-portugal,Anadia,Canelas 2010,2.24,2.95,3.28,2.39,1.51,1.96,1.79,https://www.oddsportal.com/soccer/portugal/campeonato-de-portugal/anadia-canelas-2010-674gf1J7
21.02.2021,2021,portugal,campeonato-de-portugal,Vitoria Sernache,Alcains,1.7,3.5,4.5,2.04,1.71,1.95,1.79,https://www.oddsportal.com/soccer/portugal/campeonato-de-portugal/vitoria-sernache-alcains-Y7iQpTcn
21.02.2021,2021,spain,segunda-division-b-group-2,SD Logrones,Ejea,2.25,2.89,3.48,2.66,1.43,2.19,1.62,https://www.oddsportal.com/soccer/spain/segunda-division-b-group-2/sd-logrones-sd-ejea-xdn29Lvp
21.02.2021,2021,hungary,merkantil-bank-liga,Gyirmot,Siofok,1.6,3.74,5.09,1.87,1.91,1.83,1.9,https://www.oddsportal.com/soccer/hungary/merkantil-bank-liga/gyirmot-fc-gyor-siofok-zeh6NMXD
21.02.2021,2021,burundi,primus-league,Rukinzo,Musongati,2.55,3.1,2.69,2.29,1.63,1.97,1.73,https://www.oddsportal.com/soccer/burundi/primus-league/rukinzo-musongati-YsQDqy7s
21.02.2021,2021,slovenia,prva-liga,Aluminij,O. Ljubljana,4.21,3.6,1.76,1.93,1.85,1.81,1.92,https://www.oddsportal.com/soccer/slovenia/prva-liga/aluminij-o-ljubljana-YkWw1lxh
21.02.2021,2021,italy,serie-d-group-c,Virtus Bolzano,Montebelluna,1.97,3.3,3.38,2.00,1.73,1.8,1.91,https://www.oddsportal.com/soccer/italy/serie-d-group-c/virtus-bolzano-montebelluna-vTCmZpcJ
21.02.2021,2021,argentina,copa-argentina,Atletico Atlanta,Villa San Carlos,1.84,3.49,4.33,2.14,1.74,1.95,1.81,https://www.oddsportal.com/soccer/argentina/copa-argentina/atletico-atlanta-villa-san-carlos-hnw842DJ
21.02.2021,2021,spain,tercera-division-group-5,UE Sants,Cerdanyola,5.02,3.44,1.66,2.19,1.64,2.0,1.72,https://www.oddsportal.com/soccer/spain/tercera-division-group-5/ue-sants-cerdanyola-del-valles-QqoxjAAs
21.02.2021,2021,sweden,svenska-cupen,Djurgarden,Brage,1.31,5.49,9.12,1.55,2.41,1.91,1.86,https://www.oddsportal.com/soccer/sweden/svenska-cupen/djurgarden-brage-vqL8qGip
21.02.2021,2021,uruguay,primera-division,Rentistas,Montevideo City,3.66,3.43,1.96,1.94,1.85,1.76,1.99,https://www.oddsportal.com/soccer/uruguay/primera-division/rentistas-montevideo-city-bsVozau7
21.02.2021,2021,guatemala,liga-nacional,Coban Imperial,Municipal,2.25,2.95,3.3,2.45,1.52,2.03,1.73,https://www.oddsportal.com/soccer/guatemala/liga-nacional/coban-imperial-municipal-fRJFtwM9
21.02.2021,2021,mexico,liga-mx,Cruz Azul,Toluca,1.72,3.83,4.59,1.80,2.03,1.76,2.02,https://www.oddsportal.com/soccer/mexico/liga-mx/cruz-azul-toluca-xpKAgpnN
21.02.2021,2021,oman,professional-league,Nizwa,Sohar,2.23,3.22,3.08,2.16,1.69,1.85,1.87,https://www.oddsportal.com/soccer/oman/professional-league/nizwa-sohar-ldZC5r9E
21.02.2021,2021,england,premier-league,West Ham,Tottenham,3.07,3.49,2.4,1.87,2.00,1.68,2.17,https://www.oddsportal.com/soccer/england/premier-league/west-ham-tottenham-z555ZXSc
21.02.2021,2021,egypt,premier-league,El Gouna,Arab Contractors,2.91,2.45,3.05,2.40,1.52,2.02,1.75,https://www.oddsportal.com/soccer/egypt/premier-league/el-gouna-arab-contractors-al-mokawloon-dMlV30te
21.02.2021,2021,spain,segunda-division-b-group-4,Las Palmas B,Linense,2.83,2.62,2.9,3.08,1.30,2.41,1.52,https://www.oddsportal.com/soccer/spain/segunda-division-b-group-4/las-palmas-linense-fugJgMxh
21.02.2021,2021,italy,serie-c-group-b,Mantova,Fano,2.04,3.28,3.51,2.02,1.79,1.79,1.94,https://www.oddsportal.com/soccer/italy/serie-c-group-b/mantova-fano-Opt6xZml
21.02.2021,2021,colombia,primera-a,Chico,Junior,3.46,2.72,2.4,2.81,1.39,2.26,1.6,https://www.oddsportal.com/soccer/colombia/primera-a/chico-junior-QJVQOVAm
21.02.2021,2021,turkey,super-lig,Gaziantep,Antalyaspor,2.32,3.11,3.43,2.25,1.69,1.88,1.88,https://www.oddsportal.com/soccer/turkey/super-lig/gaziantep-antalyaspor-QPIOIGxD
21.02.2021,2021,spain,tercera-division-group-7,Moratalaz,Villanueva,1.38,4.28,7.45,1.93,1.84,2.1,1.66,https://www.oddsportal.com/soccer/spain/tercera-division-group-7/moratalaz-villanueva-del-pardillo-cf-xhpeqUuL
21.02.2021,2021,bulgaria,vtora-liga,Ludogorets II,Dobrudzha,1.52,3.8,6.16,1.97,1.82,1.95,1.8,https://www.oddsportal.com/soccer/bulgaria/vtora-liga/ludogorets-dobrudzha-pz3nkXVk
21.02.2021,2021,france,ligue-1,Lorient,Lille,4.72,3.43,1.88,2.29,1.65,2.05,1.76,https://www.oddsportal.com/soccer/france/ligue-1/lorient-lille-2B9DcDt2
21.02.2021,2021,brazil,campeonato-baiano,Bahia De Feira,Jacuipense,2.46,3.12,2.81,2.11,1.72,1.8,1.94,https://www.oddsportal.com/soccer/brazil/campeonato-baiano/bahia-de-feira-jacuipense-bFlDkxB8
21.02.2021,2021,spain,tercera-division-group-5,Horta,Granollers,2.85,3.25,2.32,2.02,1.76,1.71,2.01,https://www.oddsportal.com/soccer/spain/tercera-division-group-5/horta-granollers-OzaAfj2Q
21.02.2021,2021,liberia,lfa-first-division,LISCR FC,MC Breweries,1.77,3.44,4.36,2.15,1.70,2.07,1.67,https://www.oddsportal.com/soccer/liberia/lfa-first-division/liberia-registry-mc-breweries-4Ylrguk7
21.02.2021,2021,tunisia,ligue-2,ES Djerba,Menzel Bouzelfa,1.57,3.32,6.31,2.86,1.38,2.85,1.37,https://www.oddsportal.com/soccer/tunisia/ligue-2/es-djerba-menzel-bouzelfa-AD4Q1bJ0
21.02.2021,2021,spain,segunda-division-b-group-2,Tarazona,Calahorra,3.04,2.85,2.51,2.67,1.47,2.15,1.64,https://www.oddsportal.com/soccer/spain/segunda-division-b-group-2/tarazona-cd-calahorra-zm0zE1WS
21.02.2021,2021,brazil,campeonato-alagoano,ASA,Jacyoba,1.53,3.79,5.68,2.08,1.72,2.03,1.71,https://www.oddsportal.com/soccer/brazil/campeonato-alagoano/asa-jacyoba-StLJ5ruD
21.02.2021,2021,portugal,campeonato-de-portugal,Trofense,Maritimo B,2.01,3.12,3.65,2.28,1.56,1.96,1.79,https://www.oddsportal.com/soccer/portugal/campeonato-de-portugal/trofense-maritimo-d2rtUzVL
21.02.2021,2021,spain,tercera-division-group-11,Soller,Felanitx,2.39,3.06,2.91,2.30,1.59,1.86,1.84,https://www.oddsportal.com/soccer/spain/tercera-division-group-11/soller-felanitx-GpCW96eg
21.02.2021,2021,italy,serie-a,Atalanta,Napoli,1.84,3.94,4.35,1.71,2.24,1.63,2.27,https://www.oddsportal.com/soccer/italy/serie-a/atalanta-napoli-rq05Jdzs
21.02.2021,2021,portugal,primeira-liga,Braga,Tondela,1.34,5.35,8.7,1.56,2.45,1.9,1.88,https://www.oddsportal.com/soccer/portugal/primeira-liga/braga-tondela-6PJUYJUD
21.02.2021,2021,el-salvador,primera-division,Sonsonate,Metapan,3.14,3.15,2.2,1.94,1.83,1.71,2.05,https://www.oddsportal.com/soccer/el-salvador/primera-division/cd-sonsonate-metapan-UkP3Paos
21.02.2021,2021,tunisia,ligue-2,Rades,AS Mohamdia,1.83,3.13,4.43,2.64,1.42,2.32,1.54,https://www.oddsportal.com/soccer/tunisia/ligue-2/rades-as-mohamdia-behF40Zs
21.02.2021,2021,germany,3-liga,Magdeburg,Verl,3.04,3.28,2.31,1.72,2.17,1.56,2.33,https://www.oddsportal.com/soccer/germany/3-liga/magdeburg-verl-08MG9p4G
21.02.2021,2021,spain,tercera-division-group-6,Roda,Vilamarxant,1.57,3.74,5.45,2.02,1.76,1.87,1.84,https://www.oddsportal.com/soccer/spain/tercera-division-group-6/roda-vilamarxant-Q9UPQcyg
21.02.2021,2021,uruguay,primera-division,Wanderers,Penarol,3.12,3.08,2.34,2.09,1.73,1.81,1.93,https://www.oddsportal.com/soccer/uruguay/primera-division/wanderers-penarol-GIusyuQ0
21.02.2021,2021,africa,caf-confederations-cup,TAS Casablanca (Mar),Nkana (Zam),1.77,3.35,4.47,2.09,1.70,1.9,1.82,https://www.oddsportal.com/soccer/africa/caf-confederations-cup/tas-casablanca-nkana-hdIQpoId
21.02.2021,2021,nigeria,npfl,Enugu Rangers,Kwara,1.84,3.05,4.56,2.69,1.40,2.37,1.54,https://www.oddsportal.com/soccer/nigeria/npfl/enugu-rangers-kwara-IZVztRqs
21.02.2021,2021,north-macedonia,1-mfl,Renova,Belasica,1.43,4.2,6.52,1.91,1.88,2.03,1.72,https://www.oddsportal.com/soccer/north-macedonia/1-mfl/renova-belasica-strumica-ETaASacR
21.02.2021,2021,portugal,campeonato-de-portugal,Fontinhas,Sporting B,3.13,3.11,2.21,2.28,1.56,1.95,1.79,https://www.oddsportal.com/soccer/portugal/campeonato-de-portugal/gd-fontinhas-sporting-lisbon-dlk3Q5AP
21.02.2021,2021,italy,serie-c-group-c,Juve Stabia,Teramo,2.38,2.9,3.17,2.59,1.49,2.08,1.69,https://www.oddsportal.com/soccer/italy/serie-c-group-c/juve-stabia-teramo-CWi9CqPs
21.02.2021,2021,greece,super-league,Giannina,OFI Crete,2.12,3.02,3.84,2.28,1.64,1.94,1.82,https://www.oddsportal.com/soccer/greece/super-league/giannina-ofi-crete-Stc9zs4B
21.02.2021,2021,spain,segunda-division-b-group-2,Racing Santander,Laredo,1.57,3.61,6.06,2.32,1.60,2.26,1.59,https://www.oddsportal.com/soccer/spain/segunda-division-b-group-2/racing-santander-cd-laredo-SjfyfRM6
21.02.2021,2021,oman,professional-league,Al Seeb,Al Nasr,1.29,4.73,9.78,1.97,1.82,2.51,1.48,https://www.oddsportal.com/soccer/oman/professional-league/al-seeb-al-nasr-fe1pmzgm
21.02.2021,2021,italy,serie-d-group-h,Taranto,Picerno,2.32,3.09,2.79,1.91,1.80,1.73,2.0,https://www.oddsportal.com/soccer/italy/serie-d-group-h/taranto-picerno-pKrWmWlE
21.02.2021,2021,portugal,liga-bpi-women,Gil Vicente W,Ovarense W,2.54,3.34,2.54,1.90,1.90,1.67,2.07,https://www.oddsportal.com/soccer/portugal/liga-bpi-women/gil-vicente-ovarense-lxubSUXi
21.02.2021,2021,spain,tercera-division-group-5,Valls,CE Europa,8.14,4.29,1.35,2.04,1.75,2.23,1.59,https://www.oddsportal.com/soccer/spain/tercera-division-group-5/valls-ce-europa-EosHQvPu
21.02.2021,2021,portugal,campeonato-de-portugal,Pero Pinheiro,1 Dezembro,2.09,3.15,3.37,2.34,1.53,2.0,1.75,https://www.oddsportal.com/soccer/portugal/campeonato-de-portugal/pero-pinheiro-1-dezembro-EuxqLzF3
21.02.2021,2021,germany,2-bundesliga,Karlsruher,Nurnberg,2.04,3.51,3.67,1.72,2.21,1.59,2.33,https://www.oddsportal.com/soccer/germany/2-bundesliga/karlsruher-nurnberg-ne979VCC
21.02.2021,2021,north-macedonia,1-mfl,Sileks,Shkendija,4.01,3.39,1.84,2.10,1.71,1.89,1.83,https://www.oddsportal.com/soccer/north-macedonia/1-mfl/sileks-shkendija-tetovo-Q7JF6Iz8
21.02.2021,2021,portugal,campeonato-de-portugal,Rio Ave B,Tirsense,1.89,3.05,4.24,2.06,1.69,1.9,1.84,https://www.oddsportal.com/soccer/portugal/campeonato-de-portugal/rio-ave-tirsense-AkfnxJ4h
21.02.2021,2021,sweden,svenska-cupen,Halmstad,GAIS,1.41,4.8,7.42,1.70,2.20,1.91,1.85,https://www.oddsportal.com/soccer/sweden/svenska-cupen/halmstad-gais-2LOIc9GP
21.02.2021,2021,colombia,primera-a,Santa Fe,Ind. Medellin,1.56,3.6,6.35,2.37,1.58,2.34,1.55,https://www.oddsportal.com/soccer/colombia/primera-a/santa-fe-ind-medellin-bXTYM9u0
21.02.2021,2021,brazil,campeonato-alagoano,Olhodaguense,Alianca,1.99,3.54,3.33,1.79,1.99,1.64,2.13,https://www.oddsportal.com/soccer/brazil/campeonato-alagoano/centro-esportivo-olhodaguense-alianca-A5QE6OP6
21.02.2021,2021,germany,2-bundesliga,Dusseldorf,Hannover,2.28,3.37,3.18,2.01,1.87,1.75,2.05,https://www.oddsportal.com/soccer/germany/2-bundesliga/dusseldorf-hannover-bVzKIZkQ
21.02.2021,2021,spain,tercera-division-group-17,Calamocha,Villanueva CF,1.78,3.32,4.34,2.21,1.63,1.96,1.75,https://www.oddsportal.com/soccer/spain/tercera-division-group-17/calamocha-villanueva-cf-4vl2YcJC
21.02.2021,2021,world,friendly-international-women,Germany W,Belgium W,1.08,10.2,21.89,1.20,4.00,2.03,1.74,https://www.oddsportal.com/soccer/world/friendly-international-women/germany-belgium-b9BN0VVQ
21.02.2021,2021,spain,tercera-division-group-6,Suva,Labasa,2.26,3.42,2.84,2.35,1.56,1.98,1.74,https://www.oddsportal.com/soccer/spain/tercera-division-group-6/crevillente-ilicitano-hdK5NOsS
21.02.2021,2021,turkey,1-lig,Balikesirspor,Bursaspor,2.7,3.41,2.44,1.78,2.06,1.62,2.22,https://www.oddsportal.com/soccer/turkey/1-lig/balikesirspor-bursaspor-4tHr9aGg
21.02.2021,2021,spain,tercera-division-group-13,UD Los Garres,Minerva,2.45,2.99,2.87,2.38,1.55,1.92,1.79,https://www.oddsportal.com/soccer/spain/tercera-division-group-13/ud-los-garres-minerva-AXze5MWg
21.02.2021,2021,poland,ekstraklasa,Lech Poznan,Slask Wroclaw,1.61,4.0,5.12,1.71,2.18,1.73,2.06,https://www.oddsportal.com/soccer/poland/ekstraklasa/lech-poznan-slask-wroclaw-8AJlul00
21.02.2021,2021,spain,segunda-division-b-group-3,Valencia B,Villarreal B,2.83,2.87,2.64,2.29,1.61,1.91,1.82,https://www.oddsportal.com/soccer/spain/segunda-division-b-group-3/valencia-villarreal-jmdSj54K
21.02.2021,2021,spain,tercera-division-group-7,Mostoles,Real Aranjuez,2.63,3.01,2.64,2.36,1.56,1.91,1.8,https://www.oddsportal.com/soccer/spain/tercera-division-group-7/mostoles-cf-real-aranjuez-hM5NPCJB
21.02.2021,2021,italy,serie-c-group-c,Monopoli,Cavese,1.75,3.42,4.59,2.28,1.62,2.07,1.7,https://www.oddsportal.com/soccer/italy/serie-c-group-c/monopoli-cavese-0fPuUBfF
21.02.2021,2021,portugal,campeonato-de-portugal,Belenenses B,CD Rabo Peixe,2.52,3.04,2.72,2.28,1.57,1.94,1.8,https://www.oddsportal.com/soccer/portugal/campeonato-de-portugal/belenenses-cd-rabo-peixe-KW5K1MXO
21.02.2021,2021,spain,segunda-division-b-group-4,Algeciras,San Fernando,2.53,2.85,3.0,2.62,1.48,2.11,1.67,https://www.oddsportal.com/soccer/spain/segunda-division-b-group-4/algeciras-cd-san-fernando-GlfFf2No
21.02.2021,2021,portugal,campeonato-de-portugal,Olhanense,Juv. Evora,1.26,5.16,9.28,1.58,2.17,2.02,1.73,https://www.oddsportal.com/soccer/portugal/campeonato-de-portugal/olhanense-juv-evora-bTFwdtgs
21.02.2021,2021,italy,serie-d-group-e,Grassina,Trastevere Calcio,3.8,3.4,1.89,2.08,1.75,1.85,1.85,https://www.oddsportal.com/soccer/italy/serie-d-group-e/grassina-trastevere-calcio-fec4G4lG
21.02.2021,2021,greece,super-league,Olympiacos Piraeus,Aris,1.65,3.82,5.15,1.91,1.93,1.87,1.88,https://www.oddsportal.com/soccer/greece/super-league/olympiacos-piraeus-aris-xh4dwqKh
21.02.2021,2021,portugal,campeonato-de-portugal,Oliveira Hospital,Carapinheirense,1.74,3.34,4.51,2.21,1.60,2.05,1.72,https://www.oddsportal.com/soccer/portugal/campeonato-de-portugal/oliveira-hospital-carapinheirense-OdpwrRs5
21.02.2021,2021,france,ligue-1,Lens,Dijon,1.51,4.24,7.38,1.88,1.98,1.95,1.84,https://www.oddsportal.com/soccer/france/ligue-1/lens-dijon-OKA9bgRe
21.02.2021,2021,world,club-friendly,Stirling Lions (Aus),Joondalup (Aus),1.51,4.58,4.65,1.32,3.13,1.41,2.72,https://www.oddsportal.com/soccer/world/club-friendly/stirling-lions-joondalup-city-6H18e7fj
21.02.2021,2021,france,coupe-de-france,Saint Brice,GFC Ajaccio,5.32,3.95,1.63,1.88,1.97,1.86,1.91,https://www.oddsportal.com/soccer/france/coupe-de-france/saint-brice-gfc-ajaccio-xMse4fiG
21.02.2021,2021,italy,serie-c-group-b,Arezzo,Matelica,2.04,3.51,3.29,1.85,1.96,1.69,2.09,https://www.oddsportal.com/soccer/italy/serie-c-group-b/arezzo-matelica-KWL4czQD
21.02.2021,2021,spain,tercera-division-group-5,Terrassa,Santfeliuenc,1.48,3.86,6.29,2.13,1.69,2.06,1.68,https://www.oddsportal.com/soccer/spain/tercera-division-group-5/terrassa-santfeliuenc-4QYI5egU
21.02.2021,2021,italy,serie-c-group-a,Piacenza,Lecco,2.61,2.79,3.0,2.24,1.64,1.86,1.87,https://www.oddsportal.com/soccer/italy/serie-c-group-a/piacenza-lecco-z7SHbLfM
21.02.2021,2021,israel,state-cup,H. Akko,Beitar Jerusalem,6.33,3.91,1.49,2.07,1.74,2.14,1.65,https://www.oddsportal.com/soccer/israel/state-cup/hapoel-akko-beitar-jerusalem-pKSKvvG3
21.02.2021,2021,south-africa,premier-league,Tshakhuma,Stellenbosch,2.68,2.82,2.86,2.41,1.55,1.99,1.76,https://www.oddsportal.com/soccer/south-africa/premier-league/tshakhuma-stellenbosch-fc-E7rXlJxs
21.02.2021,2021,nigeria,npfl,Jigawa Golden Stars,Nasarawa,1.85,3.14,4.31,2.51,1.46,2.27,1.59,https://www.oddsportal.com/soccer/nigeria/npfl/jigawa-golden-stars-nasarawa-united-zexIP5a0
21.02.2021,2021,italy,serie-d-group-e,Montespaccato,Trestina,2.8,3.16,2.42,2.22,1.66,1.85,1.85,https://www.oddsportal.com/soccer/italy/serie-d-group-e/montespaccato-sporting-trestina-GAoDErJS
21.02.2021,2021,switzerland,super-league,Zurich,Sion,2.01,3.67,3.58,1.77,2.12,1.64,2.21,https://www.oddsportal.com/soccer/switzerland/super-league/zurich-sion-hSECde7S
21.02.2021,2021,france,ligue-1,Nimes,Bordeaux,3.17,3.51,2.3,2.04,1.83,1.82,1.98,https://www.oddsportal.com/soccer/france/ligue-1/nimes-bordeaux-l6EX28Is
21.02.2021,2021,africa,caf-confederations-cup,Rivers United (Nga),Enyimba (Nga),1.74,3.32,4.81,2.50,1.53,2.5,1.5,https://www.oddsportal.com/soccer/africa/caf-confederations-cup/rivers-united-enyimba-international-A7Bg9lP2
21.02.2021,2021,greece,super-league-2,AO Trikala,Diagoras,2.05,3.09,3.63,2.52,1.51,2.13,1.66,https://www.oddsportal.com/soccer/greece/super-league-2/ao-trikala-diagoras-fc-GMLEVPlb
21.02.2021,2021,czech-republic,1-liga,Ceske Budejovice,Opava,1.72,3.71,4.61,1.92,1.90,1.81,1.94,https://www.oddsportal.com/soccer/czech-republic/1-liga/ceske-budejovice-opava-CA8xMN8M
21.02.2021,2021,greece,super-league,PAOK,Lamia,1.09,9.07,27.54,1.56,2.46,3.31,1.31,https://www.oddsportal.com/soccer/greece/super-league/paok-lamia-fTb1x3Zb
21.02.2021,2021,world,club-friendly-women,Sturm Graz W (Aut),Neulengbach W (Aut),1.27,6.0,7.45,1.30,3.50,1.47,2.5,https://www.oddsportal.com/soccer/world/club-friendly-women/sturm-graz-neulengbach-byhJEJ3C
21.02.2021,2021,honduras,liga-nacional,Honduras Progreso,Vida,4.01,3.33,1.89,1.84,1.96,1.72,2.01,https://www.oddsportal.com/soccer/honduras/liga-nacional/honduras-progreso-vida-U99Ax0As
21.02.2021,2021,italy,serie-d-group-d,Seravezza Pozzi,Forli,2.91,3.45,2.21,1.80,2.01,1.67,2.1,https://www.oddsportal.com/soccer/italy/serie-d-group-d/seravezza-pozzi-forli-fc-h8CaMSMq
21.02.2021,2021,andorra,primera-divisio,Penya,FC Santa Coloma,7.74,4.52,1.35,1.82,1.97,2.02,1.74,https://www.oddsportal.com/soccer/andorra/primera-divisio/penya-fc-santa-coloma-rsgjJYbL
21.02.2021,2021,africa,caf-confederations-cup,ES Setif (Alg),Asante Kotoko (Gha),1.33,4.62,9.26,2.04,1.79,2.58,1.48,https://www.oddsportal.com/soccer/africa/caf-confederations-cup/es-setif-asante-kotoko-IoAaRvXs
21.02.2021,2021,spain,tercera-division-group-10,Ciudad de Lucena,Coria C.F.,1.36,4.46,7.6,1.82,1.95,1.98,1.74,https://www.oddsportal.com/soccer/spain/tercera-division-group-10/ciudad-de-lucena-coria-c-f-2ekk2HrN
21.02.2021,2021,portugal,campeonato-de-portugal,Sao Joao Ver,Valadares Gaia,1.57,3.67,5.37,2.04,1.71,2.03,1.73,https://www.oddsportal.com/soccer/portugal/campeonato-de-portugal/sao-joao-de-ver-valadares-gaia-fc-n3stI4BE
21.02.2021,2021,liberia,lfa-first-division,Freeport,Nimba,2.02,3.2,3.59,2.34,1.60,2.06,1.68,https://www.oddsportal.com/soccer/liberia/lfa-first-division/freeport-nimba-united-fc-Iygnha4D
21.02.2021,2021,italy,serie-d-group-h,Altamura,Audace Cerignola,1.64,3.5,4.66,1.85,1.85,1.85,1.85,https://www.oddsportal.com/soccer/italy/serie-d-group-h/altamura-audace-cerignola-OAszmj4K
21.02.2021,2021,cyprus,first-division,Achnas,AEL Limassol,4.77,3.64,1.69,1.92,1.87,1.86,1.88,https://www.oddsportal.com/soccer/cyprus/first-division/achnas-ael-limassol-IZ760Csh
21.02.2021,2021,italy,serie-d-group-a,Legnano,Chieri,2.57,3.15,2.64,2.22,1.66,1.85,1.85,https://www.oddsportal.com/soccer/italy/serie-d-group-a/legnano-ac-chieri-OA56Jxhk
21.02.2021,2021,argentina,copa-de-la-liga-profesional,Sarmiento Junin,Velez Sarsfield,3.66,3.4,2.07,2.19,1.72,1.92,1.86,https://www.oddsportal.com/soccer/argentina/copa-de-la-liga-profesional/sarmiento-junin-velez-sarsfield-ltwhUED7
21.02.2021,2021,uruguay,primera-division,Nacional,Fenix,1.64,3.73,5.07,1.84,1.95,1.8,1.95,https://www.oddsportal.com/soccer/uruguay/primera-division/club-nacional-fenix-CpZkZIfD
21.02.2021,2021,italy,serie-d-group-b,Ponte San Pietro,Caravaggio,2.34,2.56,3.74,2.14,1.71,1.8,1.91,https://www.oddsportal.com/soccer/italy/serie-d-group-b/ponte-san-pietro-caravaggio-Y9rM0mcU
21.02.2021,2021,spain,tercera-division-group-2,Praviano,Lenense,2.13,3.22,3.22,2.19,1.64,1.85,1.85,https://www.oddsportal.com/soccer/spain/tercera-division-group-2/praviano-lenense-fVyxrlFR
21.02.2021,2021,italy,serie-d-group-h,Citta di Fasano,Puteolana,2.12,3.22,3.29,2.22,1.66,1.8,1.91,https://www.oddsportal.com/soccer/italy/serie-d-group-h/citta-di-fasano-puteolana-internapoli-riM0YjkR
21.02.2021,2021,germany,bundesliga,Augsburg,Bayer Leverkusen,5.75,4.22,1.61,1.68,2.26,1.72,2.11,https://www.oddsportal.com/soccer/germany/bundesliga/augsburg-bayer-leverkusen-QDjIqHpD
21.02.2021,2021,spain,laliga2,Malaga,Rayo Vallecano,3.47,2.89,2.42,2.69,1.50,2.14,1.68,https://www.oddsportal.com/soccer/spain/laliga2/malaga-rayo-vallecano-MgTyVyaa
21.02.2021,2021,thailand,thai-league-2,Lampang,Ayutthaya Utd,3.68,3.41,1.91,2.02,1.79,1.82,1.92,https://www.oddsportal.com/soccer/thailand/thai-league-2/lampang-f-c-ayutthaya-united-SS5c58cD
21.02.2021,2021,italy,serie-d-group-a,Folgore Caratese,Saluzzo,1.83,3.38,3.74,1.91,1.80,1.85,1.85,https://www.oddsportal.com/soccer/italy/serie-d-group-a/folgore-caratese-saluzzo-nT2wQvFL
21.02.2021,2021,netherlands,eredivisie,Heerenveen,Groningen,2.64,3.47,2.63,1.94,1.93,1.71,2.11,https://www.oddsportal.com/soccer/netherlands/eredivisie/heerenveen-groningen-Aw4DY3OG
21.02.2021,2021,turkey,super-lig,Sivasspor,Kayserispor,2.06,3.31,3.86,2.33,1.65,2.0,1.78,https://www.oddsportal.com/soccer/turkey/super-lig/sivasspor-kayserispor-W2JKJdN6
21.02.2021,2021,ukraine,premier-league,Inhulets,Vorskla Poltava,4.39,3.28,1.89,2.31,1.64,2.04,1.73,https://www.oddsportal.com/soccer/ukraine/premier-league/inhulets-vorskla-poltava-r9XD2N0S
21.02.2021,2021,italy,serie-d-group-e,Cannara,Montevarchi Calcio,2.4,3.23,2.77,2.09,1.74,1.8,1.91,https://www.oddsportal.com/soccer/italy/serie-d-group-e/cannara-montevarchi-calcio-QLh0HpZ9
21.02.2021,2021,gambia,gfa-league,Real Banjul,WAA Banjul,2.44,2.81,3.13,2.80,1.38,2.46,1.48,https://www.oddsportal.com/soccer/gambia/gfa-league/real-banjul-waa-banjul-Kt9cKD7p
21.02.2021,2021,argentina,copa-de-la-liga-profesional,Patronato,Independiente,3.43,3.19,2.24,2.29,1.64,1.95,1.83,https://www.oddsportal.com/soccer/argentina/copa-de-la-liga-profesional/patronato-independiente-jmOnXGTl
21.02.2021,2021,el-salvador,primera-division,Alianza FC,Atletico Marte,1.28,5.3,8.09,1.46,2.54,1.76,1.99,https://www.oddsportal.com/soccer/el-salvador/primera-division/alianza-fc-atletico-marte-pMVyoYDH
21.02.2021,2021,italy,serie-d-group-e,Flaminia,UC Sinalunghese,2.17,3.1,3.19,2.05,1.70,1.8,1.91,https://www.oddsportal.com/soccer/italy/serie-d-group-e/flaminia-uc-sinalunghese-nVgdIQJ3
21.02.2021,2021,austria,tipico-bundesliga,Salzburg,Rapid Vienna,1.6,4.48,4.92,1.45,2.71,1.52,2.47,https://www.oddsportal.com/soccer/austria/tipico-bundesliga/salzburg-rapid-vienna-0MeRLJun
21.02.2021,2021,paraguay,primera-division,Cerro Porteno,Guairena FC,1.58,3.82,5.39,1.87,1.91,1.88,1.85,https://www.oddsportal.com/soccer/paraguay/primera-division/cerro-porteno-guairena-fc-nLSRnZn9
21.02.2021,2021,spain,tercera-division-group-8,Cristo Atletico,Santa Marta Tormes,1.53,3.6,6.14,2.45,1.52,2.26,1.57,https://www.oddsportal.com/soccer/spain/tercera-division-group-8/cristo-atletico-santa-marta-tormes-EujnSZFj
21.02.2021,2021,new-zealand,football-championship,Eastern Suburbs,Hamilton,2.26,3.95,2.56,1.33,2.99,1.35,2.97,https://www.oddsportal.com/soccer/new-zealand/football-championship/eastern-suburbs-hamilton-2Vga7y9O
21.02.2021,2021,ghana,premier-league,Bechem United,Legon Cities,2.43,3.1,2.74,2.27,1.59,1.97,1.74,https://www.oddsportal.com/soccer/ghana/premier-league/bechem-united-legon-cities-nemlRWlT
21.02.2021,2021,africa,africa-cup-of-nations-u20,Perth SC (Aus),Armadale (Aus),1.7,4.15,3.83,2.44,1.48,2.86,1.38,https://www.oddsportal.com/soccer/africa/africa-cup-of-nations-u20/tunisia-central-africa-4E68BJgE
21.02.2021,2021,italy,serie-c-group-a,AlbinoLeffe,Grosseto,2.42,2.86,3.15,2.53,1.51,2.04,1.72,https://www.oddsportal.com/soccer/italy/serie-c-group-a/albinoleffe-grosseto-dGTDa1uG
21.02.2021,2021,portugal,liga-portugal-2,Leixoes,Estoril,4.24,3.19,1.94,2.58,1.51,2.18,1.66,https://www.oddsportal.com/soccer/portugal/liga-portugal-2/leixoes-estoril-UHedcc0t
21.02.2021,2021,malta,division-1,Pieta Hotspurs,St. Andrews,1.78,3.79,3.79,1.63,2.22,1.57,2.24,https://www.oddsportal.com/soccer/malta/division-1/pieta-hotspurs-st-andrews-WplbGBQj
21.02.2021,2021,italy,serie-d-group-g,Gladiator,Latina,3.66,3.2,1.93,2.05,1.70,1.91,1.8,https://www.oddsportal.com/soccer/italy/serie-d-group-g/san-felice-gladiator-latina-CrbDnwGE
21.02.2021,2021,spain,tercera-division-group-16,Casalarreina,Tedeon,1.62,3.72,4.85,1.84,1.93,1.74,1.98,https://www.oddsportal.com/soccer/spain/tercera-division-group-16/casalarreina-cf-cd-tedeon-QJPQTYYd
21.02.2021,2021,gambia,gfa-league,Tallinding United,BK Milan,3.05,2.87,2.44,2.55,1.45,2.28,1.56,https://www.oddsportal.com/soccer/gambia/gfa-league/tallinding-united-bk-milan-21MVOgaT
21.02.2021,2021,italy,serie-d-group-f,Castelnuovo Vomano,Fiuggi,1.7,3.68,4.46,1.90,1.90,1.85,1.85,https://www.oddsportal.com/soccer/italy/serie-d-group-f/castelnuovo-vomano-fiuggi-Q5lZeG0d
21.02.2021,2021,panama,lpf,Plaza Amador,Tauro,2.6,2.92,2.77,2.37,1.55,1.92,1.81,https://www.oddsportal.com/soccer/panama/lpf/plaza-amador-tauro-z9FQQlmQ
21.02.2021,2021,spain,segunda-division-b-group-2,Izarra,Osasuna B,2.55,2.86,2.97,2.52,1.52,2.03,1.73,https://www.oddsportal.com/soccer/spain/segunda-division-b-group-2/izarra-osasuna-pMo68ufj
21.02.2021,2021,croatia,1-hnl,Osijek,Rijeka,2.12,3.19,3.47,2.03,1.79,1.79,1.96,https://www.oddsportal.com/soccer/croatia/1-hnl/osijek-rijeka-p0OIaFma
21.02.2021,2021,world,shebelieves-cup-women,Argentina W,Canada W,12.5,6.58,1.16,1.42,2.65,2.0,1.76,https://www.oddsportal.com/soccer/world/shebelieves-cup-women/argentina-canada-CSgfJl26
21.02.2021,2021,spain,segunda-division-b-group-2,Ebro,Haro Deportivo,2.17,2.9,3.64,2.65,1.47,2.15,1.65,https://www.oddsportal.com/soccer/spain/segunda-division-b-group-2/ebro-haro-deportivo-QHOhWrnc
21.02.2021,2021,greece,super-league-2,Xanthi FC,O.F. Ierapetra,1.35,4.22,9.19,2.40,1.54,2.77,1.4,https://www.oddsportal.com/soccer/greece/super-league-2/xanthi-o-f-ierapetra-xxANT3JA
21.02.2021,2021,sweden,svenska-cupen,Mjallby,Akropolis,1.46,4.59,6.62,1.69,2.22,1.84,1.93,https://www.oddsportal.com/soccer/sweden/svenska-cupen/mjallby-akropolis-Ys2a6wac
21.02.2021,2021,spain,tercera-division-group-13,Bullense,Pulpileno,5.78,4.01,1.49,1.82,1.95,1.81,1.89,https://www.oddsportal.com/soccer/spain/tercera-division-group-13/bullense-ca-pulpileno-0MT72KGC
21.02.2021,2021,england,premier-league-2,Southampton U23,Derby U23,1.8,4.13,3.52,1.37,2.80,1.42,2.63,https://www.oddsportal.com/soccer/england/premier-league-2/southampton-derby-KWLGoio0
21.02.2021,2021,portugal,campeonato-de-portugal,Merelinense,Aguia Vimioso,1.06,9.45,22.67,1.30,3.21,2.6,1.45,https://www.oddsportal.com/soccer/portugal/campeonato-de-portugal/merelinense-aguia-vimioso-trdOdyTh
21.02.2021,2021,ecuador,liga-pro,Orense,Ind. del Valle,3.59,3.54,1.96,1.88,1.90,1.74,2.03,https://www.oddsportal.com/soccer/ecuador/liga-pro/orense-independiente-del-valle-h4n9ldvF
21.02.2021,2021,italy,serie-c-group-a,Pro Patria,Pergolettese,1.84,3.18,4.5,2.51,1.52,2.19,1.63,https://www.oddsportal.com/soccer/italy/serie-c-group-a/pro-patria-pergolettese-S47diwmd
21.02.2021,2021,france,ligue-1,Montpellier,Rennes,3.19,3.34,2.36,2.17,1.74,1.85,1.96,https://www.oddsportal.com/soccer/france/ligue-1/montpellier-rennes-GEceMdJ2
21.02.2021,2021,south-africa,premier-league,Cape Town City,Swallows,2.5,2.88,3.03,2.32,1.59,1.94,1.8,https://www.oddsportal.com/soccer/south-africa/premier-league/cape-town-city-swallows-fc-zNWumc7g
21.02.2021,2021,portugal,liga-portugal-2,Penafiel,FC Porto B,3.21,3.39,2.18,1.99,1.84,1.78,1.99,https://www.oddsportal.com/soccer/portugal/liga-portugal-2/penafiel-fc-porto-zVQdeyVh
21.02.2021,2021,spain,tercera-division-group-14,Trujillo,Cacereno,7.13,4.29,1.39,1.84,1.93,1.95,1.76,https://www.oddsportal.com/soccer/spain/tercera-division-group-14/cf-trujillo-cacereno-UeG7gD9s
21.02.2021,2021,italy,serie-d-group-i,Santa Maria Cilento,Gelbison Cilento,2.29,3.38,2.84,1.89,1.91,1.7,2.05,https://www.oddsportal.com/soccer/italy/serie-d-group-i/santa-maria-cilento-gelbison-cilento-Y3y2FUf2
21.02.2021,2021,spain,laliga2,Girona,Castellon,1.77,3.45,5.05,2.40,1.61,2.19,1.65,https://www.oddsportal.com/soccer/spain/laliga2/girona-castellon-2kdBEGEI
21.02.2021,2021,spain,tercera-division-group-5,Vilassar de Mar,UE Figueres,2.61,2.91,2.75,2.46,1.52,1.92,1.79,https://www.oddsportal.com/soccer/spain/tercera-division-group-5/vilassar-de-mar-ue-figueres-fJktkUPm
21.02.2021,2021,malta,premier-league,Hamrun,Balzan,1.36,4.63,7.27,1.71,2.05,2.0,1.76,https://www.oddsportal.com/soccer/malta/premier-league/hamrun-balzan-fc-xbwTTwbm
21.02.2021,2021,ethiopia,premier-league,Hawassa,Fasil Ketema,4.76,3.46,1.64,2.15,1.64,2.03,1.73,https://www.oddsportal.com/soccer/ethiopia/premier-league/hawassa-fasil-ketema-lOodsaPP
21.02.2021,2021,brazil,campeonato-piauiense,AE Altos,Flamengo PI,1.26,5.21,9.21,1.64,2.19,2.19,1.64,https://www.oddsportal.com/soccer/brazil/campeonato-piauiense/ae-altos-flamengo-pi-vRapR1Vj
21.02.2021,2021,morocco,botola-pro,Berkane,Chabab Mohammedia,2.01,3.27,3.58,1.96,1.85,1.78,1.98,https://www.oddsportal.com/soccer/morocco/botola-pro/berkane-chabab-mohammedia-Aq7sAmHN
21.02.2021,2021,spain,segunda-division-b-group-2,Arenas Club,Barakaldo,1.93,3.11,4.17,2.40,1.57,2.11,1.67,https://www.oddsportal.com/soccer/spain/segunda-division-b-group-2/arenas-club-de-getxo-barakaldo-MDgugoxD
21.02.2021,2021,spain,tercera-division-group-5,Castelldefels,San Cristobal CP,2.48,2.96,2.85,2.37,1.55,1.87,1.83,https://www.oddsportal.com/soccer/spain/tercera-division-group-5/ue-castelldefels-san-cristobal-cp-QZZE6yvO
21.02.2021,2021,belgium,1b-pro-league,Deinze,Club Brugge KV U23,1.3,5.5,9.18,1.56,2.46,1.91,1.85,https://www.oddsportal.com/soccer/belgium/1b-pro-league/deinze-club-brugge-ju6uqd4G
21.02.2021,2021,spain,segunda-division-b-group-1,Gijon B,Covadonga,1.9,3.37,3.91,2.13,1.72,1.94,1.8,https://www.oddsportal.com/soccer/spain/segunda-division-b-group-1/gijon-covadonga-lKTdsZKA
21.02.2021,2021,italy,serie-c-group-a,Como,Giana Erminio,1.48,3.86,6.76,2.20,1.67,2.28,1.57,https://www.oddsportal.com/soccer/italy/serie-c-group-a/como-giana-erminio-ljU90sQ9
21.02.2021,2021,italy,serie-d-group-i,Licata,Marina di Ragusa,1.62,3.5,4.86,2.00,1.73,2.0,1.73,https://www.oddsportal.com/soccer/italy/serie-d-group-i/licata-marina-di-ragusa-E3UkIWAq
21.02.2021,2021,italy,serie-d-group-i,Rende,AS Acireale,2.99,3.25,2.25,2.06,1.76,1.91,1.8,https://www.oddsportal.com/soccer/italy/serie-d-group-i/rende-as-acireale-MJUqvEX2
21.02.2021,2021,slovakia,fortuna-liga,Dun. Streda,Zilina,1.67,3.97,4.47,1.52,2.40,1.55,2.31,https://www.oddsportal.com/soccer/slovakia/fortuna-liga/dun-streda-zilina-29nZGfzq
21.02.2021,2021,romania,liga-1,Gaz Metan Medias,CFR Cluj,6.22,3.58,1.59,2.19,1.69,2.14,1.67,https://www.oddsportal.com/soccer/romania/liga-1/gaz-metan-medias-cfr-cluj-rNOSG67b
21.02.2021,2021,italy,serie-c-group-c,Casertana,Avellino,3.23,2.89,2.36,2.21,1.66,1.87,1.86,https://www.oddsportal.com/soccer/italy/serie-c-group-c/casertana-avellino-CYnk7lm2
21.02.2021,2021,spain,tercera-division-group-1,Arzua,Dep. Fabril,2.87,3.18,2.34,2.03,1.76,1.68,2.06,https://www.oddsportal.com/soccer/spain/tercera-division-group-1/arzua-deportivo-fabril-KdZTRlze
21.02.2021,2021,portugal,campeonato-de-portugal,Castro Daire,Beira Mar,3.17,3.08,2.21,2.27,1.57,1.94,1.79,https://www.oddsportal.com/soccer/portugal/campeonato-de-portugal/castro-daire-beira-mar-bs1odNle
21.02.2021,2021,italy,serie-d-group-h,Real Aversa,Casarano,4.31,3.38,1.79,2.23,1.65,2.08,1.67,https://www.oddsportal.com/soccer/italy/serie-d-group-h/real-aversa-casarano-rF4mPnCD
21.02.2021,2021,portugal,campeonato-de-portugal,Lusitano GC,Aljustrelense,1.58,3.66,5.23,2.01,1.73,1.94,1.77,https://www.oddsportal.com/soccer/portugal/campeonato-de-portugal/lusitano-gc-aljustrelense-0hCfhbh6
21.02.2021,2021,spain,tercera-division-group-16,Oyonesa,Varea,5.86,4.01,1.48,1.88,1.89,1.91,1.8,https://www.oddsportal.com/soccer/spain/tercera-division-group-16/oyonesa-varea-pnwJp9dM
21.02.2021,2021,czech-republic,1-liga,Teplice,Slavia Prague,8.48,5.43,1.3,1.46,2.58,1.76,2.0,https://www.oddsportal.com/soccer/czech-republic/1-liga/teplice-slavia-prague-SM6QOPO3
21.02.2021,2021,africa,caf-confederations-cup,Salitas (Bfa),Bouenguidi (Gab),1.46,3.85,7.54,2.36,1.58,2.58,1.47,https://www.oddsportal.com/soccer/africa/caf-confederations-cup/salitas-bouenguidi-QBD7PI1f
21.02.2021,2021,netherlands,eerste-divisie,Nijmegen,Graafschap,3.21,3.68,2.13,1.70,2.22,1.58,2.34,https://www.oddsportal.com/soccer/netherlands/eerste-divisie/nijmegen-de-graafschap-0CAirR4l
21.02.2021,2021,sweden,svenska-cupen,Hacken,Dalkurd,1.15,7.95,17.62,1.40,2.89,2.15,1.68,https://www.oddsportal.com/soccer/sweden/svenska-cupen/hacken-dalkurd-tlwMhKUc
21.02.2021,2021,liberia,lfa-first-division,Small Town,Watanga,3.15,3.24,2.17,2.11,1.73,1.88,1.82,https://www.oddsportal.com/soccer/liberia/lfa-first-division/small-town-watanga-ABkvfLZ0
21.02.2021,2021,zambia,super-league,Young Green Eagles,Power Dynamos,3.45,2.66,2.3,2.95,1.34,2.3,1.56,https://www.oddsportal.com/soccer/zambia/super-league/young-green-eagles-power-dynamos-dbUr3nYb
21.02.2021,2021,spain,segunda-division-b-group-4,El Ejido,Sevilla FC B,2.36,3.02,3.07,2.19,1.67,1.9,1.84,https://www.oddsportal.com/soccer/spain/segunda-division-b-group-4/ejido-sevilla-AsCWkgf7
21.02.2021,2021,spain,segunda-division-b-group-3,Badalona,Prat,2.14,2.74,4.06,2.90,1.37,2.35,1.55,https://www.oddsportal.com/soccer/spain/segunda-division-b-group-3/badalona-prat-WEgJIvzl
21.02.2021,2021,spain,tercera-division-group-8,Arandina,G. Segoviana,3.37,3.3,2.02,1.90,1.87,1.66,2.1,https://www.oddsportal.com/soccer/spain/tercera-division-group-8/arandina-g-segoviana-2iPXA8K3
21.02.2021,2021,italy,serie-d-group-d,Correggese,Sasso Marconi,1.56,4.11,5.0,1.71,2.14,1.85,1.85,https://www.oddsportal.com/soccer/italy/serie-d-group-d/correggese-sasso-marconi-z3z9WCpi
21.02.2021,2021,spain,tercera-division-group-7,Leganes B,Trival Valderas,1.75,3.33,4.5,2.25,1.61,1.98,1.74,https://www.oddsportal.com/soccer/spain/tercera-division-group-7/leganes-trival-valderas-QBczNA3U
21.02.2021,2021,italy,serie-c-group-c,Paganese,Turris,2.48,2.99,2.93,2.27,1.63,1.92,1.82,https://www.oddsportal.com/soccer/italy/serie-c-group-c/paganese-turris-6giDB3vl
21.02.2021,2021,italy,serie-d-group-b,Fanfulla,Real Calepina,2.38,2.9,2.99,2.00,1.72,1.72,2.0,https://www.oddsportal.com/soccer/italy/serie-d-group-b/fanfulla-real-calepina-vBkD29SH
21.02.2021,2021,north-macedonia,1-mfl,Borec,Shkupi,8.42,4.01,1.39,2.34,1.58,2.64,1.44,https://www.oddsportal.com/soccer/north-macedonia/1-mfl/borec-shkupi-I161ULSE
21.02.2021,2021,iceland,league-cup,Fjolnir,Fylkir,4.28,4.62,1.59,1.24,3.51,1.35,2.95,https://www.oddsportal.com/soccer/iceland/league-cup/fjolnir-fylkir-KCLi0iul
21.02.2021,2021,portugal,campeonato-de-portugal,SC Praiense,Sporting Ideal,1.53,3.8,5.51,1.96,1.77,1.96,1.78,https://www.oddsportal.com/soccer/portugal/campeonato-de-portugal/sc-praiense-sporting-ideal-bcyVLPIt
21.02.2021,2021,spain,segunda-division-b-group-3,Olot,Andorra,2.72,2.79,2.82,2.65,1.47,2.11,1.67,https://www.oddsportal.com/soccer/spain/segunda-division-b-group-3/olot-fc-andorra-2kjivYJL
21.02.2021,2021,italy,serie-d-group-f,Cynthialbalonga,Recanatese,2.32,3.2,2.79,2.05,1.70,1.8,1.91,https://www.oddsportal.com/soccer/italy/serie-d-group-f/cynthialbalonga-recanatese-IayLJJh3
21.02.2021,2021,portugal,campeonato-de-portugal,Caldas,Santarem,2.39,3.17,2.79,2.20,1.60,1.9,1.83,https://www.oddsportal.com/soccer/portugal/campeonato-de-portugal/caldas-sc-ud-santarem-KIxuMGac
21.02.2021,2021,spain,segunda-division-b-group-4,Cadiz CF B,Tamaraceite,2.3,2.83,3.43,2.89,1.37,2.32,1.56,https://www.oddsportal.com/soccer/spain/segunda-division-b-group-4/cadiz-tamaraceite-pUoWjKMA
21.02.2021,2021,scotland,premiership,Ross County,Celtic,10.06,5.76,1.27,1.57,2.44,2.0,1.79,https://www.oddsportal.com/soccer/scotland/premiership/ross-county-celtic-KAK4rlsN
21.02.2021,2021,spain,laliga2,Mallorca,Almeria,2.12,3.0,4.11,2.34,1.63,2.0,1.78,https://www.oddsportal.com/soccer/spain/laliga2/mallorca-almeria-pjoxDIe4
21.02.2021,2021,serbia,prva-liga,Sremska Mitrovica,IMT Novi Beograd,2.86,2.82,2.5,2.17,1.60,1.81,1.93,https://www.oddsportal.com/soccer/serbia/prva-liga/sremska-mitrovica-imt-novi-beograd-IBeUEool
21.02.2021,2021,spain,tercera-division-group-6,Villarreal C,Alzira,3.08,3.13,2.24,2.19,1.64,1.82,1.89,https://www.oddsportal.com/soccer/spain/tercera-division-group-6/villarreal-alzira-EZQLRwMn
21.02.2021,2021,spain,segunda-division-b-group-3,Hercules,Ibiza,2.81,2.56,3.0,3.16,1.28,2.45,1.5,https://www.oddsportal.com/soccer/spain/segunda-division-b-group-3/hercules-ud-ibiza-eivissa-CdcOiokE
21.02.2021,2021,thailand,thai-league-2,Kasetsart,Customs Utd,2.44,2.91,2.99,1.97,1.81,1.67,2.12,https://www.oddsportal.com/soccer/thailand/thai-league-2/kasetsart-customs-utd-fF7k7US0
21.02.2021,2021,ecuador,liga-pro,Emelec,Dep. Cuenca,1.34,4.93,8.11,1.65,2.21,1.94,1.81,https://www.oddsportal.com/soccer/ecuador/liga-pro/emelec-dep-cuenca-4GqsURh0
21.02.2021,2021,sweden,svenska-cupen,Kalmar,Umea FC,1.2,6.63,14.01,1.57,2.37,2.3,1.59,https://www.oddsportal.com/soccer/sweden/svenska-cupen/kalmar-umea-fc-rLVLfEOl
21.02.2021,2021,spain,segunda-division-b-group-5,Las Rozas,San Sebastian Reyes,2.71,2.94,2.64,2.17,1.66,1.86,1.88,https://www.oddsportal.com/soccer/spain/segunda-division-b-group-5/cd-las-rozas-san-sebastian-reyes-StqTvr4d
21.02.2021,2021,spain,tercera-division-group-2,Aviles Stadium,Gijon Industrial,3.7,3.18,1.98,2.25,1.61,1.9,1.81,https://www.oddsportal.com/soccer/spain/tercera-division-group-2/aviles-stadium-gijon-industrial-44RBynhe
21.02.2021,2021,tunisia,ligue-2,Sporting Ben Arous,Kalaa,1.74,3.19,4.88,2.64,1.42,2.43,1.51,https://www.oddsportal.com/soccer/tunisia/ligue-2/sporting-ben-arous-kalaa-xniJ3Kll
21.02.2021,2021,nigeria,npfl,Sunshine Stars,Heartland,1.64,3.39,5.37,2.46,1.52,2.38,1.53,https://www.oddsportal.com/soccer/nigeria/npfl/sunshine-stars-heartland-fc-M3p5omMJ
21.02.2021,2021,italy,serie-d-group-d,Sammaurese,Pro Livorno,3.19,3.3,2.07,1.80,1.91,1.67,2.1,https://www.oddsportal.com/soccer/italy/serie-d-group-d/sammaurese-pro-livorno-jaQXQ8ES
21.02.2021,2021,el-salvador,primera-division,Santa Tecla,Chalatenango,2.22,3.03,3.22,2.31,1.59,1.97,1.78,https://www.oddsportal.com/soccer/el-salvador/primera-division/santa-tecla-chalatenango-jaWXoEbB
21.02.2021,2021,brazil,serie-a,Corinthians,Vasco,1.91,3.47,4.25,2.24,1.71,2.0,1.79,https://www.oddsportal.com/soccer/brazil/serie-a/corinthians-vasco-ADpHR98d
21.02.2021,2021,portugal,primeira-liga,Ferreira,Vitoria Guimaraes,2.77,2.96,2.87,2.50,1.57,2.02,1.78,https://www.oddsportal.com/soccer/portugal/primeira-liga/ferreira-vitoria-guimaraes-pKYZCx8f
21.02.2021,2021,israel,state-cup,Beitar Tel Aviv,Kiryat Shmona,3.8,3.36,1.92,2.23,1.63,1.98,1.77,https://www.oddsportal.com/soccer/israel/state-cup/beitar-tel-aviv-shmona-p08exof5
21.02.2021,2021,italy,serie-d-group-e,Tiferno Lerchi,Pianese,1.97,3.2,3.56,2.05,1.70,1.85,1.85,https://www.oddsportal.com/soccer/italy/serie-d-group-e/tiferno-lerchi-pianese-ARkn8tdd
21.02.2021,2021,italy,serie-d-group-g,Lanusei Calcio,Muravera,2.63,3.18,2.41,2.05,1.70,1.8,1.91,https://www.oddsportal.com/soccer/italy/serie-d-group-g/lanusei-calcio-muravera-65cHocVK
21.02.2021,2021,ghana,premier-league,Hearts of Oak,Ebusua,1.7,3.42,4.68,2.23,1.62,2.09,1.69,https://www.oddsportal.com/soccer/ghana/premier-league/hearts-of-oak-ebusua-vVqtThKG
21.02.2021,2021,kosovo,superliga,KF Llapi,Gjilani,2.55,3.48,2.4,2.16,1.61,1.9,1.8,https://www.oddsportal.com/soccer/kosovo/superliga/llapi-gjilani-4MOdW6um
21.02.2021,2021,world,club-friendly,Forrestfield (Aus),Kelmscott Roos (Aus),1.21,6.58,8.55,1.20,4.34,1.58,2.29,https://www.oddsportal.com/soccer/world/club-friendly/forrestfield-united-kelmscott-roos-sc-Cf24dmup
21.02.2021,2021,italy,serie-d-group-f,Vastogirardi,Giulianova,1.64,3.48,4.68,2.00,1.73,2.0,1.73,https://www.oddsportal.com/soccer/italy/serie-d-group-f/vastogirardi-giulianova-QP8bb9Mf
21.02.2021,2021,nigeria,npfl,Rivers United,Enyimba,1.64,3.36,6.56,2.55,1.48,2.33,1.57,https://www.oddsportal.com/soccer/nigeria/npfl/rivers-united-enyimba-international-Eul9RRUm
21.02.2021,2021,spain,tercera-division-group-1,Arosa SC,UD Ourense,1.67,3.45,4.88,2.05,1.74,1.86,1.84,https://www.oddsportal.com/soccer/spain/tercera-division-group-1/arosa-sc-ud-ourense-CSRMYEMR
21.02.2021,2021,spain,tercera-division-group-9,Velez,Estepona,1.4,4.22,6.31,1.73,1.99,1.88,1.83,https://www.oddsportal.com/soccer/spain/tercera-division-group-9/velez-cd-estepona-tfnzkwYP
21.02.2021,2021,italy,serie-d-group-e,Scandicci,Follonica Gavorrano,3.26,3.28,2.12,2.09,1.74,1.8,1.91,https://www.oddsportal.com/soccer/italy/serie-d-group-e/scandicci-follonica-gavorrano-464iJ64c
21.02.2021,2021,spain,segunda-division-b-group-5,Socuellamos,Melilla,2.55,2.77,3.01,2.87,1.35,2.36,1.55,https://www.oddsportal.com/soccer/spain/segunda-division-b-group-5/socuellamos-melilla-l89q2EIJ
21.02.2021,2021,italy,serie-c-group-c,Palermo,Catanzaro,2.3,2.71,3.61,2.67,1.47,2.15,1.65,https://www.oddsportal.com/soccer/italy/serie-c-group-c/palermo-catanzaro-IVZzViu9
21.02.2021,2021,italy,serie-c-group-a,Pro Sesto,Pistoiese,2.84,2.84,2.67,2.74,1.45,2.16,1.64,https://www.oddsportal.com/soccer/italy/serie-c-group-a/pro-sesto-pistoiese-4MjuGMPd
21.02.2021,2021,turkey,super-lig,Fenerbahce,Goztepe,1.6,4.24,5.26,1.70,2.25,1.76,2.04,https://www.oddsportal.com/soccer/turkey/super-lig/fenerbahce-goztepe-Iago5c8D
21.02.2021,2021,costa-rica,primera-division,Cartagines,Alajuelense,3.14,3.54,2.12,1.74,2.09,1.61,2.2,https://www.oddsportal.com/soccer/costa-rica/primera-division/cartagines-alajuelense-YXQBeKN8
21.02.2021,2021,malta,premier-league,Lija Athletic,Hibernians,11.19,6.31,1.19,1.40,2.75,1.91,1.82,https://www.oddsportal.com/soccer/malta/premier-league/lija-athletic-hibernians-b7vPUJrs
21.02.2021,2021,portugal,liga-portugal-2,Floreat Athena (Aus),Balcatta (Aus),1.79,4.1,3.55,2.80,1.45,2.25,1.62,https://www.oddsportal.com/soccer/portugal/liga-portugal-2/academico-viseu-arouca-dvShdHFn
21.02.2021,2021,spain,laliga2,Leganes,Tenerife,2.22,2.77,4.07,3.03,1.38,2.39,1.55,https://www.oddsportal.com/soccer/spain/laliga2/leganes-tenerife-ETPTWcUn
21.02.2021,2021,ecuador,liga-pro,Manta,Barcelona SC,6.79,4.24,1.45,1.96,1.83,2.1,1.68,https://www.oddsportal.com/soccer/ecuador/liga-pro/manta-barcelona-sc-rZ4IRYW1
21.02.2021,2021,italy,serie-a,AC Milan,Inter,3.88,3.81,1.98,1.73,2.22,1.62,2.3,https://www.oddsportal.com/soccer/italy/serie-a/ac-milan-inter-SYtyyP5E
21.02.2021,2021,tanzania,ligi-kuu-bara,JKT Tanzania,Coastal Union,2.31,2.97,3.06,2.29,1.55,1.91,1.83,https://www.oddsportal.com/soccer/tanzania/ligi-kuu-bara/jkt-tanzania-coastal-union-M3EhNB3r
21.02.2021,2021,paraguay,primera-division,Nacional Asuncion,Libertad Asuncion,2.38,3.33,2.87,1.84,1.96,1.67,2.13,https://www.oddsportal.com/soccer/paraguay/primera-division/nacional-asuncion-libertad-asuncion-UqIWog2F
21.02.2021,2021,spain,tercera-division-group-14,Arroyo,Diocesano,3.26,3.13,2.17,2.19,1.64,1.82,1.88,https://www.oddsportal.com/soccer/spain/tercera-division-group-14/arroyo-diocesano-SnUubg1Q
21.02.2021,2021,belgium,jupiler-league,Waregem,St. Liege,3.59,3.86,1.94,1.62,2.34,1.57,2.36,https://www.oddsportal.com/soccer/belgium/jupiler-league/waregem-st-liege-neNl62Dq
21.02.2021,2021,tanzania,ligi-kuu-bara,Biashara Mara United,Ruvu Shooting,2.45,2.84,2.97,2.47,1.47,2.02,1.74,https://www.oddsportal.com/soccer/tanzania/ligi-kuu-bara/biashara-mara-united-ruvu-shooting-jLRQRieR
21.02.2021,2021,france,ligue-1,Nice,Metz,2.35,3.22,3.34,2.34,1.63,1.99,1.81,https://www.oddsportal.com/soccer/france/ligue-1/nice-metz-Cti4KzlF
21.02.2021,2021,italy,serie-d-group-h,Fidelis Andria,Bitonto,2.36,3.03,2.73,2.00,1.73,1.8,1.91,https://www.oddsportal.com/soccer/italy/serie-d-group-h/fidelis-andria-bitonto-0W8STAcr
21.02.2021,2021,italy,serie-d-group-e,Sangiovannese,Foligno,2.19,3.26,3.09,2.05,1.77,1.85,1.85,https://www.oddsportal.com/soccer/italy/serie-d-group-e/sangiovannese-foligno-Wzir9Mtj
21.02.2021,2021,colombia,primera-a,Dep. Pasto,Jaguares de Cordoba,1.55,3.68,6.38,2.36,1.58,2.33,1.56,https://www.oddsportal.com/soccer/colombia/primera-a/dep-pasto-jaguares-de-cordoba-QLQ6JzZ7
21.02.2021,2021,germany,2-bundesliga,Wurzburger Kickers,Hamburger SV,5.47,4.31,1.57,1.68,2.27,1.72,2.1,https://www.oddsportal.com/soccer/germany/2-bundesliga/wurzburger-kickers-hamburger-CY0gXY4J
21.02.2021,2021,spain,tercera-division-group-14,Miajadas,Llerenense,1.33,4.29,9.09,2.07,1.73,2.3,1.55,https://www.oddsportal.com/soccer/spain/tercera-division-group-14/miajadas-ad-llerenense-WKzXaFWD
21.02.2021,2021,india,isl,Bengaluru,Goa,3.15,3.15,2.19,1.76,2.04,1.59,2.21,https://www.oddsportal.com/soccer/india/isl/bengaluru-fc-goa-nDvIb617
21.02.2021,2021,brazil,serie-a,Flamengo RJ,Internacional,1.62,4.01,6.04,2.05,1.85,1.98,1.8,https://www.oddsportal.com/soccer/brazil/serie-a/flamengo-rj-internacional-bZQBmiVF
21.02.2021,2021,finland,suomen-cup,Mariehamn,Honka,4.38,3.74,1.7,1.79,2.03,1.75,2.01,https://www.oddsportal.com/soccer/finland/suomen-cup/mariehamn-honka-CQQUvm70
21.02.2021,2021,italy,serie-d-group-g,SS Nola 1925,Vis Artena,3.86,3.42,1.87,2.05,1.77,1.91,1.8,https://www.oddsportal.com/soccer/italy/serie-d-group-g/ss-nola-1925-vis-artena-dzGQOZN7
21.02.2021,2021,world,shebelieves-cup-women,USA W,Brazil W,1.21,5.83,10.07,1.46,2.54,2.06,1.74,https://www.oddsportal.com/soccer/world/shebelieves-cup-women/usa-brazil-dbjbc7qS
21.02.2021,2021,brazil,serie-a,Santos,Fluminense,2.16,3.34,3.5,2.19,1.73,1.9,1.87,https://www.oddsportal.com/soccer/brazil/serie-a/santos-fluminense-CSRDSkgj
21.02.2021,2021,morocco,botola-pro,Maghreb Fez,Hassania Agadir,2.06,2.98,3.78,2.60,1.48,2.19,1.63,https://www.oddsportal.com/soccer/morocco/botola-pro/maghreb-fez-hassania-agadir-6FhD4Rvo
21.02.2021,2021,guatemala,liga-nacional,Santa Lucia,Antigua,2.88,3.03,2.44,2.28,1.60,1.94,1.8,https://www.oddsportal.com/soccer/guatemala/liga-nacional/santa-lucia-antigua-pdxPJFEd
21.02.2021,2021,italy,serie-c-group-c,Potenza,Virtus Francavilla,2.32,2.94,3.24,2.33,1.60,1.96,1.78,https://www.oddsportal.com/soccer/italy/serie-c-group-c/potenza-virtus-francavilla-2LpM9s90
21.02.2021,2021,egypt,premier-league,El Ismaily,Enppi,2.6,2.7,3.11,2.59,1.45,2.1,1.68,https://www.oddsportal.com/soccer/egypt/premier-league/el-ismaily-enppi-vZyew1XD
21.02.2021,2021,north-macedonia,1-mfl,Struga Trim &amp; Lum,Makedonija GP,1.91,3.05,4.22,2.54,1.49,2.23,1.6,https://www.oddsportal.com/soccer/north-macedonia/1-mfl/struga-trim-lum-makedonija-gp-zw16TurL
21.02.2021,2021,saudi-arabia,division-1,Ohod,Al Thuqbah,2.29,3.37,2.83,1.95,1.82,1.82,1.93,https://www.oddsportal.com/soccer/saudi-arabia/division-1/ohod-al-thuqbah-G6sSGc5J
21.02.2021,2021,italy,serie-d-group-f,Castelfidardo,Montegiorgio,2.02,3.24,3.28,1.85,1.85,1.73,2.0,https://www.oddsportal.com/soccer/italy/serie-d-group-f/castelfidardo-montegiorgio-C2pVddoj
21.02.2021,2021,thailand,thai-league-1,Chonburi,Police Tero,2.03,3.6,3.25,1.70,2.16,1.58,2.25,https://www.oddsportal.com/soccer/thailand/thai-league-1/chonburi-police-tero-Ee2vhV9f
21.02.2021,2021,spain,tercera-division-group-8,Atl. Astorga,Leonesa B,1.93,3.22,3.81,2.24,1.62,1.89,1.81,https://www.oddsportal.com/soccer/spain/tercera-division-group-8/atletico-astorga-leonesa-OAXxkcN3
21.02.2021,2021,ethiopia,premier-league,Jimma Aba Jifar,Sidama Bunna,2.93,3.03,2.3,2.30,1.55,1.94,1.81,https://www.oddsportal.com/soccer/ethiopia/premier-league/jimma-aba-jifar-sidama-bunna-AXnhruAJ
21.02.2021,2021,czech-republic,1-liga,Plzen,Bohemians 1905,1.48,4.18,6.68,1.92,1.92,2.01,1.76,https://www.oddsportal.com/soccer/czech-republic/1-liga/plzen-bohemians-1905-6DRawPwc
21.02.2021,2021,africa,caf-confederations-cup,Etoile Sahel (Tun),Young Buffaloes (Esw),1.32,4.39,10.23,2.26,1.64,3.1,1.35,https://www.oddsportal.com/soccer/africa/caf-confederations-cup/etoile-sahel-young-buffaloes-Ymkxbw8J
21.02.2021,2021,gambia,gfa-league,Hawks,Marimoo,2.34,2.92,3.19,2.44,1.49,2.18,1.61,https://www.oddsportal.com/soccer/gambia/gfa-league/hawks-marimoo-YqD1JXMj
21.02.2021,2021,italy,serie-d-group-i,Troina,Rotonda,2.32,2.9,2.99,2.10,1.67,1.85,1.85,https://www.oddsportal.com/soccer/italy/serie-d-group-i/troina-rotonda-rZIhxh2F
21.02.2021,2021,portugal,campeonato-de-portugal,Salgueiros,Amarante,2.23,3.05,3.16,2.37,1.52,1.95,1.79,https://www.oddsportal.com/soccer/portugal/campeonato-de-portugal/sc-salgueiros-amarante-fc-IVcrKg2j
21.02.2021,2021,ghana,premier-league,Elmina Sharks,Medeama,2.39,2.84,3.14,2.70,1.44,2.17,1.64,https://www.oddsportal.com/soccer/ghana/premier-league/elmina-sharks-medeama-YiqpSCZM
21.02.2021,2021,france,ligue-1,Paris SG,Monaco,1.67,4.19,5.36,1.61,2.45,1.63,2.27,https://www.oddsportal.com/soccer/france/ligue-1/paris-sg-monaco-ShH00Fdq
21.02.2021,2021,world,club-friendly,Borac Banja Luka (Bih),Krupa (Bih),1.37,4.61,6.91,1.36,2.83,1.5,2.39,https://www.oddsportal.com/soccer/world/club-friendly/borac-banja-luka-krupa-v3oSFyt5
21.02.2021,2021,spain,tercera-division-group-17,Robres,Sarinena,2.13,3.14,3.36,2.04,1.75,1.67,2.07,https://www.oddsportal.com/soccer/spain/tercera-division-group-17/robres-sarinena-rVn6XHYI
21.02.2021,2021,slovenia,prva-liga,Domzale,Tabor Sezana,1.72,3.76,4.29,1.79,2.00,1.73,2.03,https://www.oddsportal.com/soccer/slovenia/prva-liga/domzale-tabor-sezana-GELr08ib
21.02.2021,2021,spain,tercera-division-group-3,Bezana,Ribamontan al Mar,1.93,3.37,3.62,1.95,1.82,1.72,2.01,https://www.oddsportal.com/soccer/spain/tercera-division-group-3/bezana-ribamontan-al-mar-pGUUpTy0
21.02.2021,2021,portugal,campeonato-de-portugal,Gondomar,Leca,2.67,2.98,2.61,2.37,1.52,1.92,1.82,https://www.oddsportal.com/soccer/portugal/campeonato-de-portugal/gondomar-leca-ldgvLZnp
21.02.2021,2021,malta,premier-league,Valletta,Santa Lucia,3.12,3.35,2.13,1.88,1.90,1.67,2.12,https://www.oddsportal.com/soccer/malta/premier-league/valletta-santa-lucia-hQ1dZazQ
